-- phpMyAdmin SQL Dump
-- version 4.0.4.1
-- http://www.phpmyadmin.net
--
-- Host: 127.0.0.1
-- Generation Time: Sep 17, 2014 at 03:04 PM
-- Server version: 5.5.32
-- PHP Version: 5.4.19

SET SQL_MODE = "NO_AUTO_VALUE_ON_ZERO";
SET time_zone = "+00:00";


/*!40101 SET @OLD_CHARACTER_SET_CLIENT=@@CHARACTER_SET_CLIENT */;
/*!40101 SET @OLD_CHARACTER_SET_RESULTS=@@CHARACTER_SET_RESULTS */;
/*!40101 SET @OLD_COLLATION_CONNECTION=@@COLLATION_CONNECTION */;
/*!40101 SET NAMES utf8 */;

--
-- Database: `emis`
--
CREATE DATABASE IF NOT EXISTS `emis` DEFAULT CHARACTER SET latin1 COLLATE latin1_swedish_ci;
USE `emis`;

-- --------------------------------------------------------

--
-- Table structure for table `application`
--

CREATE TABLE IF NOT EXISTS `application` (
  `Application_ID` int(11) NOT NULL AUTO_INCREMENT,
  `Full_Name` varchar(100) NOT NULL,
  `Initials` varchar(45) NOT NULL,
  `Last_Name` varchar(45) NOT NULL,
  `Category_ID` int(11) NOT NULL,
  `School_ID` int(11) NOT NULL,
  `Gender` varchar(45) NOT NULL,
  `Religion` varchar(45) NOT NULL,
  `Telephone` varchar(10) DEFAULT NULL,
  `Education_Medium` varchar(45) NOT NULL,
  `Birth_Day` date NOT NULL,
  `Applicant_Type` varchar(45) NOT NULL DEFAULT 'Father',
  `Name_Applicant` varchar(45) NOT NULL,
  `Applicant_Initials` varchar(45) NOT NULL,
  `Applicant_LastName` varchar(45) NOT NULL,
  `NIC` varchar(10) NOT NULL,
  `Nationalty` varchar(45) NOT NULL DEFAULT 'SriLankan',
  `Applicant_Religion` varchar(45) NOT NULL,
  `Address` varchar(100) NOT NULL,
  `District_ID` varchar(3) NOT NULL,
  `Division_ID` int(11) NOT NULL,
  `GND` varchar(45) NOT NULL,
  `GND_NO` varchar(45) NOT NULL,
  `Distance_To_School_KM` int(11) DEFAULT NULL,
  `Marks` double DEFAULT NULL,
  PRIMARY KEY (`Application_ID`),
  KEY `Category_ID` (`Category_ID`),
  KEY `School_ID` (`School_ID`),
  KEY `District_ID` (`District_ID`),
  KEY `Division_ID` (`Division_ID`)
) ENGINE=InnoDB  DEFAULT CHARSET=latin1 AUTO_INCREMENT=6 ;

--
-- Dumping data for table `application`
--

INSERT INTO `application` (`Application_ID`, `Full_Name`, `Initials`, `Last_Name`, `Category_ID`, `School_ID`, `Gender`, `Religion`, `Telephone`, `Education_Medium`, `Birth_Day`, `Applicant_Type`, `Name_Applicant`, `Applicant_Initials`, `Applicant_LastName`, `NIC`, `Nationalty`, `Applicant_Religion`, `Address`, `District_ID`, `Division_ID`, `GND`, `GND_NO`, `Distance_To_School_KM`, `Marks`) VALUES
(1, 'Sf Eg Hkl', 'SE', 'Hkl', 1, 2, 'Male', 'Buddhism', '0714589486', 'Sinhala', '2010-02-09', 'Father', 'Ety Ghn Ubfg', 'EG', 'Ubfg', '852459283V', 'SriLankan', 'Buddhism', '34/1, Kirindimulla, Minuvangoda.', 'D02', 10, 'Kirindimulla', '345/2/A', 10, 85),
(2, 'Withanage Kumara', 'W', 'Kumara', 1, 2, 'Male', 'Buddhism', '0112345947', 'Sinhala', '2009-10-25', 'Father', 'Withanage Sudusingha', 'W', 'Sudusingha', '800960352V', 'SriLankan', 'Buddhism', '25/2/A, Hunumulla,Wattala', 'D02', 15, 'Hunumulla', '324/1', 10, NULL),
(3, 'Withanage Kumara', 'W', 'Kumara', 1, 2, 'Male', 'Buddhism', NULL, 'Sinhala', '2009-10-25', 'Father', 'Withanage Sudusingha', 'W', 'Sudusingha', '800960352V', 'SriLankan', 'Buddhism', '25/2/A, Hunumulla,Wattala', 'D02', 15, 'Hunumulla', '324/1', 10, NULL),
(4, 'Rathnayaka Mudiyanselage Janaki Bandara Rathnayaka', 'RMJB', 'Rathnayaka', 2, 50, 'Female', 'Buddhism', '0112674952', 'Sinhala', '2009-04-28', 'Mother', 'Gurusingha Arachchilage Padmakanthi Senarath ', 'GAPS', 'Gurusingha', '798029825V', 'SriLankan', 'Buddhism', '62/B, Pugoda Road, Kelaniya.', 'D02', 18, 'Kelaniya North', '529/A', 15, NULL),
(5, 'Withanage Kumara', 'W', 'Kumara', 1, 2, 'Male', 'Buddhism', '0112345947', 'Sinhala', '2009-10-25', 'Father', 'Withanage Sudusingha', 'W', 'Sudusingha', '800960352V', 'SriLankan', 'Buddhism', '25/2/A, Hunumulla,Wattala', 'D02', 15, 'Hunumulla', '324/1', 10, NULL);

-- --------------------------------------------------------

--
-- Table structure for table `category`
--

CREATE TABLE IF NOT EXISTS `category` (
  `Category_ID` int(11) NOT NULL AUTO_INCREMENT,
  `Category_Name` varchar(45) NOT NULL DEFAULT 'Residential',
  PRIMARY KEY (`Category_ID`)
) ENGINE=InnoDB  DEFAULT CHARSET=latin1 AUTO_INCREMENT=7 ;

--
-- Dumping data for table `category`
--

INSERT INTO `category` (`Category_ID`, `Category_Name`) VALUES
(1, 'Residential'),
(2, 'Old Student'),
(3, 'Siblings'),
(4, 'Education Officials'),
(5, 'Transfered Govenment Employee'),
(6, 'Arrive From Foreign Country');

-- --------------------------------------------------------

--
-- Table structure for table `class`
--

CREATE TABLE IF NOT EXISTS `class` (
  `Class_ID` int(11) NOT NULL,
  `Grade_ID` int(11) NOT NULL,
  `School_ID` int(11) NOT NULL,
  `Class_Teacher` int(11) NOT NULL,
  PRIMARY KEY (`Class_ID`,`Grade_ID`,`School_ID`)
) ENGINE=InnoDB DEFAULT CHARSET=latin1;

--
-- Dumping data for table `class`
--

INSERT INTO `class` (`Class_ID`, `Grade_ID`, `School_ID`, `Class_Teacher`) VALUES
(1, 1, 2, 2),
(2, 1, 2, 3),
(3, 1, 2, 5);

-- --------------------------------------------------------

--
-- Table structure for table `district`
--

CREATE TABLE IF NOT EXISTS `district` (
  `District_ID` varchar(3) NOT NULL,
  `District_Name` varchar(45) NOT NULL,
  `Province_ID` int(11) NOT NULL,
  PRIMARY KEY (`District_ID`),
  KEY `Province_ID` (`Province_ID`)
) ENGINE=InnoDB DEFAULT CHARSET=latin1;

--
-- Dumping data for table `district`
--

INSERT INTO `district` (`District_ID`, `District_Name`, `Province_ID`) VALUES
('D01', 'Colombo', 1),
('D02', 'Gampaha', 1),
('D03', 'Kalutara', 1),
('D04', 'Kandy', 2),
('D05', 'Matale', 2),
('D06', 'Nuwara Eliya', 2),
('D07', 'Galle', 3),
('D08', 'Matara', 3),
('D09', 'Hambantota', 3),
('D10', 'Jaffna', 4),
('D11', 'Kilinochchi', 4),
('D12', 'Mannar', 4),
('D13', 'Vavuniya', 4),
('D14', 'Mulaitivu', 4),
('D15', 'Batticaloa', 5),
('D16', 'Ampara', 5),
('D17', 'Trincomalee', 5),
('D18', 'Kurunegala', 6),
('D19', 'Puttalam', 6),
('D20', 'Anuradhapura', 7),
('D21', 'Polonnaruwa', 7),
('D22', 'Badulla', 8),
('D23', 'Monaragala', 8),
('D24', 'Ratnapura', 9),
('D25', 'Kegalle', 9);

-- --------------------------------------------------------

--
-- Table structure for table `division`
--

CREATE TABLE IF NOT EXISTS `division` (
  `Division_ID` int(11) NOT NULL,
  `Division_Name` varchar(45) NOT NULL,
  `Zone_ID` int(11) NOT NULL,
  PRIMARY KEY (`Division_ID`)
) ENGINE=InnoDB DEFAULT CHARSET=latin1;

--
-- Dumping data for table `division`
--

INSERT INTO `division` (`Division_ID`, `Division_Name`, `Zone_ID`) VALUES
(1, 'Colombo - North', 1),
(2, 'Colombo - Central', 1),
(3, 'Borella', 1),
(4, 'Colombo - South', 1),
(5, 'Dehiwala', 2),
(6, 'Moratuwa', 2),
(7, 'Kesbewa', 2),
(8, 'Kolonnawa', 3),
(9, 'Nugegoda', 3),
(10, 'Kaduwela', 3),
(11, 'Maharagama', 3),
(12, 'Hanwella', 4),
(13, 'Paddukka', 4),
(14, 'Homagama', 4),
(15, 'Wattala', 5),
(16, 'Mahara', 5),
(17, 'Biyagama', 5),
(18, 'Kelaniya', 5),
(19, 'Ja-ela', 6),
(20, 'Negombo', 6),
(21, 'Katana', 6),
(22, 'Mirigama', 7),
(23, 'Divulapitiya', 7),
(24, 'Minuwangoda', 7),
(25, 'Attanagalla', 8),
(26, 'Gampaha', 8),
(27, 'Dompe (Weke)', 8),
(28, 'Panadura', 9),
(29, 'Dodangoda', 9),
(30, 'Kalutara', 9),
(31, 'Beruwala', 9),
(32, 'Bandaragama', 10),
(33, 'Horana', 10),
(34, 'Bulathsinhala', 10),
(35, 'Agalawatta I', 11),
(36, 'Matugama', 11),
(37, 'Agalawatta II', 11),
(38, 'Walallawita', 11),
(39, 'Tumpane', 12),
(40, 'Pujapitiya', 12),
(41, 'Akurana', 12),
(42, 'Harispattuwa', 12),
(43, 'Patha Dumbara', 13),
(44, 'Panvila', 13),
(45, 'Kundasale', 13),
(46, 'Ududumbara', 14),
(47, 'Minipe', 14),
(48, 'Medadumbara', 14),
(49, 'Patha Hewaheta', 15),
(50, 'Gangawata Korale', 15),
(51, 'Yatinuwara', 16),
(52, 'Uda Nuwara', 16),
(53, 'Uda Palatha', 17),
(54, 'Ganga-Ihala Korale', 17),
(55, 'Pasbage Korale', 17),
(56, 'Dambulla', 18),
(57, 'Galewela', 18),
(58, 'Pallepola', 18),
(59, 'Naula', 19),
(60, 'Ambanganga Korale', 19),
(61, 'Laggala', 20),
(62, 'Wilgamuwa', 20),
(63, 'Matale', 21),
(64, 'Yatawatta', 21),
(65, 'Rattota', 21),
(66, 'Ukuwela', 21),
(67, 'Nuwara Eliya', 22),
(68, 'Nuwara Eliya Tamil - 1', 22),
(69, 'Nuwara Eliya Tamil - 2', 22),
(70, 'Nuwara Eliya Tamil - 3', 22),
(71, 'Ambagamuwa', 23),
(72, 'Hatton Tamil - 1', 23),
(73, 'Hattan Tamil - 3', 23),
(74, 'Hatton Tamil - 2', 23),
(75, 'Kotmale', 24),
(76, 'Walapane', 25),
(77, 'Udahewaheta', 26),
(78, 'Balapitiya', 27),
(79, 'Ambalangoda', 27),
(80, 'Hikkaduwa', 27),
(81, 'Baddegama', 28),
(82, 'Galle', 28),
(83, 'Akmeemana', 28),
(84, 'Habaraduwa', 28),
(85, 'Karandeniya', 29),
(86, 'Divitura-Welivitiya', 29),
(87, 'Bentota', 29),
(88, 'Elpitiya', 29),
(89, 'Pitigala', 29),
(90, 'Tawalama', 30),
(91, 'Mapalagama', 30),
(92, 'Udugama', 30),
(93, 'Morawaka', 31),
(94, 'Kotapola', 31),
(95, 'Pasgoda', 31),
(96, 'Akuressa', 32),
(97, 'Malimboda', 32),
(98, 'Welipitiya', 32),
(99, 'Kamburupitiya', 33),
(100, 'Tihagoda', 33),
(101, 'Hakmana', 33),
(102, 'Mulatiyana', 33),
(103, 'Devinuwara', 34),
(104, 'Weligama', 34),
(105, 'Matara', 34),
(106, 'Dikwella', 34),
(107, 'Walasmulla', 35),
(108, 'Katuwana', 35),
(109, 'Tangalle', 36),
(110, 'Angunakolapelessa', 36),
(111, 'Beliatta', 36),
(112, 'Ambalantota', 37),
(113, 'Tissamaharama', 37),
(114, 'Hambantota', 37),
(115, 'Lunugamvehera', 37),
(116, 'Suriyaweva', 37),
(117, 'Delft', 38),
(118, 'Velanai', 38),
(119, 'Kayts', 38),
(120, 'Sandilipay', 39),
(121, 'Chankanai', 39),
(122, 'Tellipalai', 39),
(123, 'Uduvil', 39),
(124, 'Kopay', 40),
(125, 'Nallur', 40),
(126, 'Jaffna', 40),
(127, 'Karaveddy', 41),
(128, 'Point Pedro', 41),
(129, 'Maruthankerny', 41),
(130, 'Chavakachcheri', 42),
(131, 'Karachchi', 43),
(132, 'Punahari', 43),
(133, 'Kandawalai', 43),
(134, 'Palai', 43),
(135, 'Mannar', 44),
(136, 'Nanaddan', 44),
(137, 'Musali', 44),
(138, 'Madhu', 45),
(139, 'Manthai West', 45),
(140, 'Omanthai', 46),
(141, 'Vavuniya North', 46),
(142, 'Vavuniya South (Tamil)', 47),
(143, 'Vengalachettikulam', 47),
(144, 'Vavuniya South (Sinhala)', 47),
(145, 'Maritime Pattu', 48),
(146, 'Thunukkai', 48),
(147, 'Oddusudan', 49),
(148, 'Thunukkai', 49),
(149, 'Manthai East', 49),
(150, 'Koralapattu North', 50),
(151, 'Koralaipattu', 50),
(152, 'Eravurpattu - 2', 50),
(153, 'Koralaipattu West', 51),
(154, 'Eravur', 51),
(155, 'Kaththankudy', 51),
(156, 'Eravurpattu - 2', 52),
(157, 'Manmunai-S. West', 52),
(158, 'Manmunai - West', 52),
(159, 'Eravurpattu', 53),
(160, 'Manmunai - North', 53),
(161, 'Manmunaipattu', 53),
(162, 'M.S.E Pattu', 54),
(163, 'Porativupattu', 54),
(164, 'Mahaoya', 55),
(165, 'Padiyatalawa', 55),
(166, 'Uhana', 56),
(167, 'Damana', 56),
(168, 'Ampara', 56),
(169, 'Lahugala', 56),
(170, 'Dehiattakandiya', 57),
(171, 'Sammanthurai', 58),
(172, 'Navithanveli', 58),
(173, 'Irakamam', 58),
(174, 'Sainthamaruthu', 59),
(175, 'Kalmunai Tamil', 59),
(176, 'Kalmunai', 59),
(177, 'Karaithivu', 59),
(178, 'Ninthavur', 59),
(179, 'Akkaraipattu', 60),
(180, 'Addalachchenai', 60),
(181, 'Potuvil 1', 60),
(182, 'Alayadivembu', 61),
(183, 'Tirukkovil', 61),
(184, 'Potuvil 2', 61),
(185, 'Padavi Sripura', 62),
(186, 'Gomarankadawala', 62),
(187, 'Morawewa', 62),
(188, 'Kuchchaveli', 63),
(189, 'Trincomalee Town', 63),
(190, 'Thampalakamam', 63),
(191, 'Padavi Sripura', 64),
(192, 'Kinniya', 64),
(193, 'Kantalai', 65),
(194, 'Seruwila', 65),
(195, 'Mutur', 66),
(196, 'Eechchilanpattu', 66),
(197, 'Polgahawela', 67),
(198, 'Mawathagama', 67),
(199, 'Kurunegala', 67),
(200, 'Ridigama', 68),
(201, 'Ibbagamuwa', 68),
(202, 'Ganewatta', 68),
(203, 'Wariyapola', 69),
(204, 'Nikaweratiya', 69),
(205, 'Kobeigane', 69),
(206, 'Kotavehera', 69),
(207, 'Alawwa', 70),
(208, 'Kuliyapitiya - East', 70),
(209, 'Pannala', 70),
(210, 'Bingiriya', 71),
(211, 'Kuliyapitiya - West', 71),
(212, 'Udubaddawa', 71),
(213, 'Panduwasnuwara', 71),
(214, 'Dahanatgedera', 71),
(215, 'Polpitigama', 72),
(216, 'Maho', 72),
(217, 'Galgamuwa', 72),
(218, 'Giribawa', 72),
(219, 'Anamaduwa', 73),
(220, 'Pallama', 73),
(221, 'Puttalam   South', 73),
(222, 'Puttalam', 73),
(223, 'Kalpitiya', 73),
(224, 'Chilaw', 74),
(225, 'Arachchikattuwa', 74),
(226, 'Wennappuwa', 74),
(227, 'Nattandiya', 74),
(228, 'Medawachchiya', 75),
(229, 'Kebithigollewa', 75),
(230, 'Padaviya', 75),
(231, 'Horowpathana', 75),
(232, 'Rambewa', 76),
(233, 'Nuwara Palatha - East', 76),
(234, 'Nachchaduwa', 76),
(235, 'Nuwara Palatha - Central', 76),
(236, 'Wilachchiya', 76),
(237, 'Nochchiyagama', 76),
(238, 'Kahatagasdigiliya', 77),
(239, 'Galenbindunuwewa', 77),
(240, 'Mihintale', 77),
(241, 'Talawa', 78),
(242, 'Tambuttegama', 78),
(243, 'Rajanganaya', 78),
(244, 'Galnewa', 78),
(245, 'Ipalogama', 79),
(246, 'Kekirawa', 79),
(247, 'Thirappane', 79),
(248, 'Palagala', 79),
(249, 'Palugaswewa', 79),
(250, 'Dimbulagala', 80),
(251, 'Aralaganwila', 80),
(252, 'Welikanda', 80),
(253, 'Hingurakgoda', 81),
(254, 'Medirigiriya', 81),
(255, 'Elahera', 81),
(256, 'Lankapura', 82),
(257, 'Tamankaduwa', 82),
(258, 'Ridimaliyedda', 83),
(259, 'Mahiyanganaya', 83),
(260, 'Soranatota', 84),
(261, 'Kandeketiya', 84),
(262, 'Meegahakivula', 84),
(263, 'Badulla', 84),
(264, 'Haliela', 84),
(265, 'Passara', 85),
(266, 'Bandarawela', 86),
(267, 'Ella', 86),
(268, 'Haldummulla', 86),
(269, 'Haputale', 86),
(270, 'Welimada', 87),
(271, 'Uva-Paranagama', 87),
(272, 'Bibile', 88),
(273, 'Medagama', 88),
(274, 'Madulla', 88),
(275, 'Monaragala', 89),
(276, 'Siyambalanduwa', 89),
(277, 'Badalkumbura', 89),
(278, 'Wellawaya', 90),
(279, 'Buttala', 90),
(280, 'Tanamalwila', 90),
(281, 'Eheliyagoda', 91),
(282, 'Kuruwita', 91),
(283, 'Ratnapura 1', 91),
(284, 'Ratnapura 2', 91),
(285, 'Pelmadulla', 91),
(286, 'Balangoda', 92),
(287, 'Imbulpe', 92),
(288, 'Weligepola', 92),
(289, 'Godakawela', 93),
(290, 'Kolonne', 93),
(291, 'Embilipitiya', 93),
(292, 'Nivitigala', 94),
(293, 'Kahawatta', 94),
(294, 'Ayagama', 94),
(295, 'Kalawana', 94),
(296, 'Kitulgala', 95),
(297, 'Deraniyagala', 95),
(298, 'Yatiyantota', 95),
(299, 'Dehiowita', 95),
(300, 'Ruwanwella', 95),
(301, 'Galigamuwa', 96),
(302, 'Dedigama', 96),
(303, 'Warakapola', 96),
(304, 'Kegalle', 96),
(305, 'Rambukkana', 97),
(306, 'Mawanella', 97),
(307, 'Aranayaka', 97);

-- --------------------------------------------------------

--
-- Table structure for table `divisional_officer`
--

CREATE TABLE IF NOT EXISTS `divisional_officer` (
  `USER_ID` int(11) NOT NULL,
  `Division_ID` int(11) NOT NULL,
  PRIMARY KEY (`USER_ID`)
) ENGINE=InnoDB DEFAULT CHARSET=latin1;

-- --------------------------------------------------------

--
-- Table structure for table `educationwork_child_marks`
--

CREATE TABLE IF NOT EXISTS `educationwork_child_marks` (
  `Application_ID` int(11) NOT NULL,
  `Category_ID` int(11) NOT NULL,
  `Service` int(11) NOT NULL DEFAULT '0',
  `Distance` int(11) NOT NULL DEFAULT '0',
  `RemotePresent` int(11) NOT NULL DEFAULT '0',
  `RemoteService` int(11) NOT NULL DEFAULT '0',
  `LeaveY1` int(11) NOT NULL DEFAULT '0',
  `LeaveY2` int(11) NOT NULL DEFAULT '0',
  `LeaveY3` int(11) NOT NULL DEFAULT '0',
  `LeaveY4` int(11) NOT NULL DEFAULT '0',
  `LeaveY5` int(11) NOT NULL DEFAULT '0',
  `ServiceSameSchool` int(11) NOT NULL DEFAULT '0',
  `Marks_Service` double NOT NULL DEFAULT '0',
  `Marks_Distance` double NOT NULL DEFAULT '0',
  `Marks_Remote` double NOT NULL DEFAULT '0',
  `Marks_Leave` double NOT NULL DEFAULT '0',
  `Marks_SameSchool` double NOT NULL DEFAULT '0',
  `Marks_Total` double NOT NULL DEFAULT '0',
  PRIMARY KEY (`Application_ID`,`Category_ID`)
) ENGINE=InnoDB DEFAULT CHARSET=latin1;

-- --------------------------------------------------------

--
-- Table structure for table `foreigntravel_marks`
--

CREATE TABLE IF NOT EXISTS `foreigntravel_marks` (
  `Application_ID` int(11) NOT NULL,
  `Category_ID` int(11) NOT NULL,
  `JurneyFrom` date DEFAULT NULL,
  `JurneyTo` date DEFAULT NULL,
  `Reason` varchar(45) NOT NULL DEFAULT 'Private Reason',
  `School_Count` int(11) NOT NULL DEFAULT '0',
  `Electoral_only_One_Years` int(11) NOT NULL DEFAULT '0',
  `Proofs_Count` int(11) NOT NULL DEFAULT '0',
  `Marks_Duration` double NOT NULL DEFAULT '0',
  `Marks_Reason` double NOT NULL DEFAULT '0',
  `Marks_School` double NOT NULL DEFAULT '0',
  `Marks_Total` double NOT NULL DEFAULT '0',
  PRIMARY KEY (`Application_ID`,`Category_ID`)
) ENGINE=InnoDB DEFAULT CHARSET=latin1;

-- --------------------------------------------------------

--
-- Table structure for table `governmentwork_child_marks`
--

CREATE TABLE IF NOT EXISTS `governmentwork_child_marks` (
  `Application_ID` int(11) NOT NULL,
  `Category_ID` int(11) NOT NULL,
  `Service` int(11) NOT NULL DEFAULT '0',
  `Distance` int(11) NOT NULL DEFAULT '0',
  `RemotePresent` int(11) NOT NULL DEFAULT '0',
  `RemoteService` int(11) NOT NULL DEFAULT '0',
  `LeaveY1` int(11) NOT NULL DEFAULT '0',
  `LeaveY2` int(11) NOT NULL DEFAULT '0',
  `LeaveY3` int(11) NOT NULL DEFAULT '0',
  `LeaveY4` int(11) NOT NULL DEFAULT '0',
  `LeaveY5` int(11) NOT NULL DEFAULT '0',
  `ServiceSameSchool` int(11) NOT NULL DEFAULT '0',
  `Marks_Service` double NOT NULL DEFAULT '0',
  `Marks_Distance` double NOT NULL DEFAULT '0',
  `Marks_Remote` double NOT NULL DEFAULT '0',
  `Marks_Leave` double NOT NULL DEFAULT '0',
  `Marks_SameSchool` double NOT NULL DEFAULT '0',
  `Marks_Total` double NOT NULL DEFAULT '0',
  PRIMARY KEY (`Application_ID`,`Category_ID`)
) ENGINE=InnoDB DEFAULT CHARSET=latin1;

-- --------------------------------------------------------

--
-- Table structure for table `grade`
--

CREATE TABLE IF NOT EXISTS `grade` (
  `Grade_ID` int(11) NOT NULL,
  `School_ID` int(11) NOT NULL,
  `Grade_Cordinator` int(11) NOT NULL,
  PRIMARY KEY (`Grade_ID`,`School_ID`)
) ENGINE=InnoDB DEFAULT CHARSET=latin1;

--
-- Dumping data for table `grade`
--

INSERT INTO `grade` (`Grade_ID`, `School_ID`, `Grade_Cordinator`) VALUES
(1, 2, 2);

-- --------------------------------------------------------

--
-- Table structure for table `officer`
--

CREATE TABLE IF NOT EXISTS `officer` (
  `USER_ID` int(11) NOT NULL,
  `Designation` varchar(45) NOT NULL DEFAULT 'Director',
  `Level` varchar(45) NOT NULL DEFAULT 'Provincial',
  `Officer_Grade` varchar(45) NOT NULL DEFAULT '2',
  PRIMARY KEY (`USER_ID`)
) ENGINE=InnoDB DEFAULT CHARSET=latin1;

--
-- Dumping data for table `officer`
--

INSERT INTO `officer` (`USER_ID`, `Designation`, `Level`, `Officer_Grade`) VALUES
(3, 'Director', 'Provincial', '2');

-- --------------------------------------------------------

--
-- Table structure for table `oldstudent_marks`
--

CREATE TABLE IF NOT EXISTS `oldstudent_marks` (
  `Application_ID` int(11) NOT NULL,
  `Category_ID` int(11) NOT NULL,
  `NumberOf_grades` int(11) NOT NULL DEFAULT '0',
  `Educational` varchar(100) NOT NULL DEFAULT 'Scholership',
  `ExtraCurricular` varchar(100) DEFAULT NULL,
  `Educational_After` varchar(100) DEFAULT NULL,
  `Donation` varchar(100) DEFAULT NULL,
  `Marks_Grades` double NOT NULL DEFAULT '0',
  `Marks_Edu` double NOT NULL DEFAULT '0',
  `Marks_Extra` double NOT NULL DEFAULT '0',
  `Marks_After` double NOT NULL DEFAULT '0',
  `Marks_Donation` double NOT NULL DEFAULT '0',
  `Marks_Total` double NOT NULL DEFAULT '0',
  PRIMARY KEY (`Application_ID`,`Category_ID`)
) ENGINE=InnoDB DEFAULT CHARSET=latin1;

--
-- Dumping data for table `oldstudent_marks`
--

INSERT INTO `oldstudent_marks` (`Application_ID`, `Category_ID`, `NumberOf_grades`, `Educational`, `ExtraCurricular`, `Educational_After`, `Donation`, `Marks_Grades`, `Marks_Edu`, `Marks_Extra`, `Marks_After`, `Marks_Donation`, `Marks_Total`) VALUES
(4, 2, 13, 'O/L, A/L', 'Prefect', 'Bsc(IT)', 'For ground', 26, 25, 15, 15, 4, 85);

-- --------------------------------------------------------

--
-- Table structure for table `principal`
--

CREATE TABLE IF NOT EXISTS `principal` (
  `USER_ID` int(11) NOT NULL,
  `School_ID` int(11) NOT NULL,
  `Designation` varchar(45) NOT NULL DEFAULT 'Principal',
  `Principal_Grade` varchar(45) NOT NULL DEFAULT '2',
  PRIMARY KEY (`USER_ID`)
) ENGINE=InnoDB DEFAULT CHARSET=latin1;

--
-- Dumping data for table `principal`
--

INSERT INTO `principal` (`USER_ID`, `School_ID`, `Designation`, `Principal_Grade`) VALUES
(1, 2, 'Principal', '2');

-- --------------------------------------------------------

--
-- Table structure for table `province`
--

CREATE TABLE IF NOT EXISTS `province` (
  `Province_ID` int(11) NOT NULL,
  `Province_Name` varchar(45) NOT NULL,
  PRIMARY KEY (`Province_ID`)
) ENGINE=InnoDB DEFAULT CHARSET=latin1;

--
-- Dumping data for table `province`
--

INSERT INTO `province` (`Province_ID`, `Province_Name`) VALUES
(1, 'Western'),
(2, 'Central'),
(3, 'Southern'),
(4, 'Nothern'),
(5, 'Eastern'),
(6, 'North Western'),
(7, 'Norrth Central'),
(8, 'Uva'),
(9, 'Sabaragamuwa');

-- --------------------------------------------------------

--
-- Table structure for table `provincial_officer`
--

CREATE TABLE IF NOT EXISTS `provincial_officer` (
  `USER_ID` int(11) NOT NULL,
  `Province_ID` int(11) NOT NULL,
  PRIMARY KEY (`USER_ID`)
) ENGINE=InnoDB DEFAULT CHARSET=latin1;

--
-- Dumping data for table `provincial_officer`
--

INSERT INTO `provincial_officer` (`USER_ID`, `Province_ID`) VALUES
(3, 9);

-- --------------------------------------------------------

--
-- Table structure for table `residant_marks`
--

CREATE TABLE IF NOT EXISTS `residant_marks` (
  `Application_ID` int(11) NOT NULL,
  `Category_ID` int(11) NOT NULL,
  `Electoral_Years` int(11) NOT NULL DEFAULT '0',
  `Electoral_only_One_Years` int(11) NOT NULL DEFAULT '0',
  `Ownership` varchar(45) NOT NULL DEFAULT 'Other',
  `Ownership_Years` int(11) NOT NULL DEFAULT '0',
  `Proofs_Count` int(11) NOT NULL DEFAULT '0',
  `School_Count` int(11) NOT NULL DEFAULT '0',
  `Marks_Electoral` double NOT NULL DEFAULT '0',
  `Marks_Ownership` double NOT NULL DEFAULT '0',
  `Marks_Proofs` double NOT NULL DEFAULT '0',
  `Marks_School` double NOT NULL DEFAULT '0',
  `Marks_Total` double NOT NULL DEFAULT '0',
  PRIMARY KEY (`Application_ID`,`Category_ID`)
) ENGINE=InnoDB DEFAULT CHARSET=latin1;

--
-- Dumping data for table `residant_marks`
--

INSERT INTO `residant_marks` (`Application_ID`, `Category_ID`, `Electoral_Years`, `Electoral_only_One_Years`, `Ownership`, `Ownership_Years`, `Proofs_Count`, `School_Count`, `Marks_Electoral`, `Marks_Ownership`, `Marks_Proofs`, `Marks_School`, `Marks_Total`) VALUES
(1, 1, 5, 0, 'Title deed for Applicant', 5, 5, 3, 35, 10, 5, 35, 85),
(2, 1, 0, 0, 'Other', 0, 0, 0, 0, 0, 0, 0, 0);

-- --------------------------------------------------------

--
-- Table structure for table `school`
--

CREATE TABLE IF NOT EXISTS `school` (
  `School_ID` int(11) NOT NULL,
  `School_Name` varchar(45) NOT NULL,
  `School_Address` varchar(100) NOT NULL,
  `School_Type` varchar(45) NOT NULL DEFAULT 'Provincial',
  `School_Grade` varchar(45) NOT NULL DEFAULT 'Type 3',
  `Division_ID` int(11) NOT NULL,
  PRIMARY KEY (`School_ID`)
) ENGINE=InnoDB DEFAULT CHARSET=latin1;

--
-- Dumping data for table `school`
--

INSERT INTO `school` (`School_ID`, `School_Name`, `School_Address`, `School_Type`, `School_Grade`, `Division_ID`) VALUES
(1, 'DE LA SALLE COLLEGE', 'MODARA,COL-15.', 'Provincial', '1AB', 1),
(2, 'MODARA ANANDA M.V.', 'COL-15.', 'Provincial', '1C', 1),
(4, 'KUMARA V.', 'KOTAHENA,COL-13.', 'Provincial', 'Type 2', 1),
(7, 'CATHEDRAL BOYS COLLEGE', 'KOTAHENA ST,COL-13.', 'Provincial', 'Type 3', 1),
(23, 'KOTAHENA M.M.V.', 'MAHA VIDYALA MAWATHA,COLOMBO 13.', 'National', '1AB', 2),
(24, 'SRI SANGARAJA M.M.V.', 'SANGARAJA MAWATHA,COLOMBO 10.', 'Provincial', 'Type 2', 2),
(25, 'MAHABODHI M.V.', 'NO.43,FOSTER LANE,COLOMBO 10.', 'Provincial', '1C', 2),
(39, 'HARWARD V.', 'DAM STREET,COLOMBO 12.', 'Provincial', 'Type 3', 2),
(45, 'ROYAL COLLEGE', 'RAJAKEEYA MW.,COLOMBO-07', 'National', '1AB', 3),
(46, 'ANANDA COLLEGE', 'COLOMBO-10', 'National', '1AB', 3),
(47, 'NALANDA COLLEGE', 'COLOMBO-10', 'National', '1AB', 3),
(48, 'THURSTAN COLLEGE', 'COLOMBO-03', 'National', '1AB', 3),
(49, 'ST.MATTHEWS COLLEGE', 'COLOMBO-09', 'Provincial', '1C', 3),
(50, 'ANANDA B.V.', 'MALIGAKANDA RD.,COL-10', 'National', '1AB', 3),
(51, 'GOTHAMI B.V.', 'TEMPLE RD.,COL-10', 'National', '1AB', 3),
(56, 'MAHINDA V.', 'ANANDA MAWATHA,COL-10', 'Provincial', 'Type 3', 3),
(57, 'YASODARA B.V.', '46/1,KINSY RD.,COL-08', 'Provincial', '1AB', 3),
(66, 'DEVI B.V.', 'SRI JAYAWARDENAPURA MW,COL-08.', 'National', '1AB', 4),
(67, 'SUJATHA B.V.', 'KIRIMANDALA MW,NARAHENPITA,COL-05.', 'Provincial', 'Type 3', 4),
(68, 'ARETHUSA COLLEGE', '25,DAYA RD,COL-06.', 'Provincial', 'Type 2', 4),
(69, 'SRI PARAKRAMABAHU M.V.', 'NARAHENPITA,COL-05.', 'Provincial', '1C', 4),
(83, 'ST.CLARE''S B.M.V.', '1ST CHAPEL LANE,COL-06.', 'Provincial', '1AB', 4),
(93, 'S.DE S.JAYASINGHE CENTRAL C0LLEGE', 'KARAGAMPITIYA, DEHIWELA', 'Provincial', '1AB', 5),
(97, 'BUDDHAGOSHA M.V.', 'KALUBOWILA,DEHIWALA', 'Provincial', '1C', 5),
(98, 'PRESBYTERIAN GIRL''S NATIONAL SCHOOL', 'MAJOR L.V.GUNARATHNE MW,DEHIWELA', 'National', '1AB', 5),
(100, 'ST.MARY''S COLLEGE', 'ATAPATTU MAWATHA, DEHIWALA', 'Provincial', 'Type 2', 5),
(105, 'KARAGAMPITIYA SUMAGA V.', 'UNION PLACE,KARAGAMPITIYA, DEHIWELA', 'Provincial', 'Type 3', 5),
(129, 'KOLONNAWA B.V.', 'SUGUNASARA ROAD, KOLONNAWA', 'National', '1AB', 8),
(130, 'SEDAWATTA SIDDHARTHA M.M.V.', 'WELLAMPITIYA', 'Provincial', '1AB', 8),
(132, 'SRI RAHULA M.V.', 'MULLERIYAWA NEW TOWN', 'Provincial', '1C', 8),
(133, 'TERRENCE N DE SILVA V.', 'KOLONNAWA', 'Provincial', 'Type 2', 8),
(141, 'MEETOTAMULLA SRI RAHULA V.', 'MEETOTAMULLA, KOLONNAWA', 'Provincial', 'Type 3', 8),
(148, 'ANANDA SASTRALAYA', 'KOTTE', 'National', '1AB', 9),
(149, 'ANANDA BALIKA M.V.', 'PAGODA ROAD KOTTE', 'Provincial', '1AB', 9),
(154, 'ST.THOMA''S COLLEGE', 'KOTTE', 'Provincial', '1C', 9),
(155, 'SRI WIJEYARAMA M.V.', 'UDAHAMULLA,NUGEGODA.', 'Provincial', 'Type 2', 9),
(161, 'JANADIPATHI P.V.', 'NAWALA-RAJAGIRIYA.', 'Provincial', 'Type 3', 9),
(166, 'PRINCE OF WALES COLLEGE', 'MORATUWA', 'National', '1AB', 6),
(168, 'MORATU M.V.', 'MORATUWA', 'Provincial', '1AB', 6),
(170, 'SRI SUNANDOPANANDA NAVODYA M.V.', 'EGODAUYANA, MORATUWA', 'Provincial', '1C', 6),
(172, 'LAKSHAPATHIYA SHIKSHADANA M.V.', 'LAKSHAPATHIYA,MORATUWA', 'Provincial', 'Type 2', 6),
(180, 'MORATUMULLA LANKA SABA VIDYALAYA', 'MORATUMULLA,MORATUWA', 'Provincial', 'Type 3', 6),
(207, 'FATHIMA MUSLIM B.V.', '155,BANDARANAYAKA MAWATHA,COLOMBO 12.', 'Provincial', '1AB', 2),
(231, 'AL HIJRA MUS.V.', '239,SRI DHAMMA MW.,COL-10', 'Provincial', 'Type 2', 3),
(248, 'SRI SUBHUTHI M.M.V.', 'BATTARAMULLA', 'National', '1AB', 10),
(249, 'SRI RAHULA B.M.V.', 'MALABE', 'Provincial', '1AB', 10),
(251, 'SRI SIDDHARTHA M.V.', 'KALAPALUWAWA, RAJAGIRIYA', 'Provincial', 'Type 3', 10),
(252, 'THALAHENA M.V.', 'THALAHENA, MALABE', 'Provincial', 'Type 2', 10),
(256, 'KOTHALAWALA M.V.', 'KADUWELA', 'Provincial', '1C', 10),
(283, 'SEETHAWAKA M.M.V.', 'AVISSAWELLA', 'National', '1AB', 12),
(284, 'KOSGAMA M.V.', 'KOSGAMA', 'Provincial', '1AB', 12),
(285, 'ST.MARY''S COLLEGE', 'AVISSAWELLA', 'Provincial', '1C', 12),
(287, 'PUWAKPITIYA NORTH M.V.', 'PUWAKPITIYA', 'Provincial', 'Type 2', 12),
(292, 'WAGA SRI RATHANASARA M.V.', 'THUMMODARA', 'Provincial', '1C', 13),
(302, 'ALUTHAMBALAMA JUNIOR MODEL SCHOOL', 'ALUTHAMBALAMA', 'Provincial', 'Type 3', 12),
(317, 'SIRIPIYARATHANA CENTRAL COLLEGE', 'PADUKKA', 'Provincial', '1AB', 13),
(321, 'MALAGALA M.V.', 'MALAGALA, PADUKKA', 'Provincial', 'Type 2', 13),
(328, 'DAMBORA K.V.', 'DAMBORA, THUMMODARA', 'Provincial', 'Type 3', 13),
(349, 'HOMAGAMA M.M.V.', 'COURTS ROAD, HOMAGAMA.', 'Provincial', '1AB', 14),
(350, 'MEEGODA M.V.', 'MEEGODA', 'Provincial', '1C', 14),
(352, 'WIJAYAWARDANA M.V.', 'KIRIWATHTHUDUWA', 'Provincial', 'Type 2', 14),
(362, 'WETHARA K.V.', 'POLGASOWITA', 'Provincial', 'Type 3', 14),
(394, 'DHARMAPALA V.', 'PANNIPITIYA.', 'National', '1AB', 11),
(395, 'VIDYAKARA B.V.', 'MAHARAGAMA.', 'Provincial', '1AB', 11),
(396, 'KOTTAWA ANANDA M.V.', 'KOTTAWA, PANNIPITIYA.', 'Provincial', '1C', 11),
(399, 'VIDYADANA M.V.', 'KOTTAWA, PANNIPITIYA.', 'Provincial', 'Type 2', 11),
(402, 'THALAWATHUGODA PRIME MINISTERS V.', 'KALALGODA, PANNIPITIYA.', 'Provincial', 'Type 3', 11),
(418, 'PILIYANDALA M.M.V.', 'PILIYANDALA', 'National', '1AB', 7),
(419, 'MAMPE DHARMARAJA M.V.', 'MAMPE, PILIYANDALA', 'Provincial', '1C', 7),
(420, 'DHARMASENA ATTYGALA BALIKA V.', 'KESBEWA PILIYANDALA', 'Provincial', '1AB', 7),
(423, 'SUNETHRA DEVI BOYS M.V', 'PEPILIYANA BORALESGAMUWA', 'Provincial', 'Type 2', 7),
(435, 'DAMPE JUNIOR SCHOOL', 'DAMPE, MADAPATHA', 'Provincial', 'Type 3', 7),
(453, 'DEFENCE SERVICES COLLEGE', 'MALAY ST,COL-02.', 'National', 'Type 3', 4),
(457, 'MAHINDA RAJAPAKSHA COLLEGE', 'PITIPANA- HOMAGAMA', 'National', '1AB', 14),
(1001, 'ST.ANTHONY M.V', 'WATTALA', 'National', '1AB', 15),
(1002, 'ST.ANNE''S B.M.V', 'WATTALA', 'Provincial', '1AB', 15),
(1003, 'PAMUNUGAMA M.V.', 'PAMUNUGAMA', 'Provincial', '1C', 19),
(1007, 'KERAWALAPITIYA VIDYALOKA M.V', 'KERAWALAPITIYA,WATTALA.', 'Provincial', 'Type 2', 15),
(1009, 'HEENKENDA M.V.', 'RAGAMA', 'Provincial', '1C', 15),
(1019, 'DELATHURA J.S.V.', 'DELATHURA,JAELA', 'Provincial', 'Type 2', 19),
(1020, 'NAYAKAKANDA.B.P.V', 'NAYAKAKANDA,HENDALA,WATTALA.', 'Provincial', 'Type 3', 15),
(1027, 'PASYALA M.V.', 'PASYALA', 'Provincial', '1AB', 22),
(1028, 'D.S.SENANAYAKA M.M.V.', 'MIRIGAMA', 'National', '1AB', 22),
(1029, 'KADANGAMUWA M.V', 'KADANGAMUWA', 'Provincial', '1C', 22),
(1035, 'WEWELDENIYA M.V', 'WEWELDENIYA', 'Provincial', 'Type 2', 22),
(1041, 'KAHANDAWA P.V.', 'MIRIGAMA', 'Provincial', 'Type 3', 22),
(1083, 'BANDARANAYAKE M.M.V.', 'VEYANGODA', 'National', '1AB', 25),
(1084, 'SANGHABODHI M.M.V.', 'NITTAMBUWA', 'Provincial', '1AB', 25),
(1085, 'ALAWALA M.V.', 'ALAWALA, VEYANGODA', 'Provincial', '1C', 25),
(1090, 'KITHTHAMMAHARA M.V.', 'NITTAMBUWA', 'Provincial', 'Type 2', 25),
(1096, 'MAGALEGODA M.V.', 'VEYANGODA', 'Provincial', 'Type 3', 25),
(1131, 'GALAHITIYAWA M.M.V.', 'GALAHITIYAWA, GANEMULLA', 'National', '1AB', 26),
(1132, 'ANURA M.M.V.', 'YAKKALA', 'Provincial', '1AB', 26),
(1133, 'AMBARALUWA M.V.', 'AMBARALUWA, WELIWERIYA', 'Provincial', 'Type 2', 26),
(1134, 'RAJASINGHA M.V.', 'IMBULGODA', 'Provincial', '1C', 26),
(1151, 'ANURA ADARSHA K.V.', 'YAKKALA', 'Provincial', 'Type 3', 26),
(1183, 'HENEGAMA M.M.V', 'HENEGAMA', 'Provincial', '1AB', 16),
(1185, 'UDUPILA WEERA VIJAYABA M.V', 'DELGODA', 'Provincial', '1C', 16),
(1187, 'KIMBULGODA M.V', 'YAKKALA', 'Provincial', 'Type 2', 16),
(1213, 'SIYANE NEELAMAHARA P.V', 'NEELAMAHARA,BUTHPITIYA.', 'Provincial', 'Type 3', 16),
(1226, 'KIRINDIWELA M.M.V.', 'KIRINDIWELA', 'Provincial', '1AB', 27),
(1228, 'SIYANE NATIONAL SCHOOL', 'PALUGAMA , DOMPE', 'National', '1AB', 27),
(1229, 'MAHAGAMASEKERA M.V.', 'RADAWANA', 'Provincial', '1C', 27),
(1235, 'MALWANA M.V.', 'MALWANA', 'Provincial', 'Type 2', 27),
(1243, 'SRI JINANANDA P.V.', 'BOGAHAWATTA,KIRINDIWELA', 'Provincial', 'Type 3', 27),
(1278, 'DARANAGAMA M.V.', 'SIYAMBALAPE', 'Provincial', '1AB', 17),
(1280, 'SANGAMITHTHA M.V.', 'HEIYANTHUDUWA', 'Provincial', '1C', 17),
(1281, 'KANDEWATHTHA SIRISUMANA K.V', 'SIYAMBALAPE', 'Provincial', 'Type 3', 17),
(1284, 'SRI PEMANANDA M.V', 'IHALA BIYANVILA, KADAWATHA', 'Provincial', 'Type 2', 17),
(1300, 'GURUKULA M.V', 'KELANIYA', 'National', '1AB', 18),
(1302, 'ST PAULS B.M.V', 'WARAGODA ROAD, KELANIYA', 'Provincial', '1AB', 18),
(1303, 'SRI SUMANGALA M.V.', 'ERIYAWETIYA,KELANIYA', 'Provincial', '1C', 18),
(1308, 'D.A.RAJAPAKSHA V.', 'DALUGAMA,KELANIYA', 'Provincial', 'Type 2', 18),
(1316, 'HUNUPITIYA K.V', 'HUNUPITIYA,WATTALA.', 'Provincial', 'Type 3', 18),
(1336, 'AL MUBARAK M.M.V.', 'MALWANA', 'National', '1AB', 17),
(1340, 'NEWSTEAD GIRLS COLLEGE', 'NEGOMBO', 'National', '1AB', 20),
(1342, 'ST.MARY''S COLLEGE', 'MAIN STREET,NEGOMBO', 'Provincial', '1AB', 20),
(1343, 'KOCHCHIKADE M.V.', 'KOCHCHIKADE', 'Provincial', '1C', 20),
(1347, 'ANTHONY''S K.V.', 'KEPUNGODA PAMUNUGAMA', 'Provincial', 'Type 2', 20),
(1356, 'ST.ANNE''S P.V.', 'KOCHCHIKADE', 'Provincial', 'Type 3', 20),
(1373, 'AMANDOLUWA M.V.', 'AMANDOLUWA SEEDUWA', 'Provincial', '1C', 21),
(1377, 'ST. SEBASTHIAN M.V.', 'KATUWAPITIYA NEGOMBO', 'Provincial', 'Type 2', 21),
(1378, 'DUTUGAMUNU M.V.', 'THIMBIRIGASKATUWA', 'Provincial', '1AB', 21),
(1379, 'SRI PANGNANANDA NATIONAL SCHOOL', 'RADDOLUWA KOTUGODA', 'National', '1AB', 21),
(1384, 'ANDIAMBALAMA BUDDHIST P.V.', 'ANDIAMBALAMA', 'Provincial', 'Type 3', 21),
(1421, 'HUNUMULLA M.V', 'HUNUMULLA', 'Provincial', 'Type 2', 23),
(1423, 'KOTADENIYAWA KARUNARATHNA M.V.', 'KOTADENIYAWA', 'Provincial', '1C', 23),
(1424, 'SRI GNANODAYA M.M.V', 'DIVULAPITIYA', 'Provincial', '1AB', 23),
(1431, 'DIYAGAMPALA P.V.', 'KOTADENIYAWA', 'Provincial', 'Type 3', 23),
(1478, 'NALANDA BOYS'' M.M.V.', 'MINUWANGODA', 'National', '1AB', 24),
(1479, 'NALANDA GIRLS'' M.M.V.', 'MINUWANGODA', 'Provincial', '1AB', 24),
(1480, 'NILPANAGODA M.V.', 'WEGOWWA', 'Provincial', 'Type 2', 24),
(1482, 'HORAMPELLA SEELAWIMALA M.V.', 'HORAMPELLA', 'Provincial', '1C', 24),
(1488, 'WATINAPAHA BUDDHST P.V.', 'WATINAPAHA', 'Provincial', 'Type 3', 24),
(1537, 'ST.SEBASTIAN''S BALIKA M.V.', 'KANDANA', 'Provincial', '1AB', 19),
(1539, 'CHRIST KING COLLEGE', 'THUDELLA, JA-ELA', 'National', '1AB', 19),
(1546, 'SIDDHARTHA P.V.', 'BATAGAMA NORTH, JA-ELA', 'Provincial', 'Type 3', 19),
(2001, 'WADDUWA M.M.V.', 'WADDUWA', 'Provincial', '1AB', 28),
(2003, 'PANADURA ST. JOHN''S M.V.', 'UDAHAMULLA, PANADURA', 'National', '1AB', 28),
(2006, 'NALLURUWA SIRI SEEWALI M.V.', 'NALLURUWA, PANADURA', 'Provincial', 'Type 2', 28),
(2008, 'SARIKKAMULLA SRI THAKSALA M.V.', 'SARIKKALIMULLA, KESELWATTA', 'Provincial', '1C', 28),
(2014, 'PINWATHTHA P. V.', 'PINWATHTHA, PANADURA', 'Provincial', 'Type 3', 28),
(2040, 'BANDARAGAMA M.M.V', 'BANDARAGAMA', 'National', '1AB', 32),
(2041, 'WEVITA MAITHREE M.V', 'WEVITA,BANDARAGAMA', 'Provincial', '1C', 32),
(2046, 'PATHAHAWATTA SRI SWARNAJOTHI M.V.', 'RAIGAM, BANDARAGAMA', 'Provincial', 'Type 2', 32),
(2052, 'KAMBURUGODA K.V.', 'KAMBURUGODA', 'Provincial', 'Type 3', 32),
(2069, 'WALGAMA SRI SADDHATHISSA M.V', 'WALGAMA, BANDARAGAMA', 'Provincial', '1AB', 32),
(2083, 'TAXILA M.M.V', 'ANGURUWATHOTA ROAD, HORANA', 'National', '1AB', 33),
(2084, 'GAMINI M M V', 'INGIRIYA', 'Provincial', '1AB', 33),
(2086, 'SRI SUMANGALA M.V', 'OLABODUWA,GONAPALA JUNCTION', 'Provincial', '1C', 33),
(2094, 'WEEDIYAGODA M.V', 'BANDARAGAMA', 'Provincial', 'Type 2', 33),
(2098, 'KANDANAPITIYA P.V,', 'BOPE PADUKKA', 'Provincial', 'Type 3', 33),
(2133, 'BULATHSINGHALA M.M.V.', 'BULATHSINGHALA', 'National', '1AB', 34),
(2134, 'SIRI PIYARATHANA M.V.', 'UDAWELA, AGALAWATTA', 'Provincial', '1C', 35),
(2135, 'KUDALIGAMA M.V', 'KUDALIGAMA,NABODA', 'Provincial', '1C', 34),
(2141, 'WARAKAGODA M.V.', 'WARAKAGODA,NABODA', 'Provincial', '1AB', 34),
(2142, 'AMARAGEDARA K.V.', 'AMARAGEDARA,BULATHSINGHALA', 'Provincial', 'Type 2', 34),
(2145, 'OMATTA K.V.', 'OMATTA, AGALAWATTA', 'Provincial', 'Type 2', 35),
(2153, 'DEWAMULLA K.V.', 'DEWAMULLA,GOVINNA.', 'Provincial', 'Type 3', 34),
(2157, 'PIMBURA P.V.', 'PIMBURA, AGALAWATTA', 'Provincial', 'Type 3', 35),
(2180, 'C.W.W.KANNANGARA M.M.V.', 'MATUGAMA', 'National', '1AB', 36),
(2182, 'OVITIGALA M.V.', 'MATUGAMA', 'Provincial', '1C', 36),
(2183, 'DODANGODA  M.V.', 'DODANGODA', 'Provincial', '1C', 29),
(2187, 'DODANGODA MIRISWATTA M.V.', 'DODANGODA', 'National', '1AB', 29),
(2188, 'WALAGEDARA M.V.', 'GALMATTA, WALAGEDARA.', 'Provincial', '1AB', 36),
(2190, 'DHARMARAJA K.V.', 'PANTHIYA, MATUGAMA', 'Provincial', 'Type 2', 36),
(2192, 'ADIKARIGODA K.V.', 'ADIKARIGODA,KALUTARA SOUTH', 'Provincial', 'Type 2', 29),
(2206, 'GURUDOLA K.V.', 'MATUGAMA', 'Provincial', 'Type 3', 36),
(2228, 'KAJUDUWA P.V.', 'KAJUDUWA,DODANGODA.', 'Provincial', 'Type 3', 29),
(2241, 'TISSA M.M.V.', 'KALUTARA NORTH', 'National', '1AB', 30),
(2244, 'KATUKURUNDA R.C.M.V.', 'PHILIP NERY''S ROAD, KATUKURUNDA, KALUTARA', 'Provincial', '1C', 30),
(2245, 'GNANODAYA M.V.', 'GNANODAYA MAWATHA, KALUTARA SOUTH', 'Provincial', '1AB', 30),
(2249, 'KUDA HEENATIYANGALA SIRISEEVALI M.V.', 'DUWA TEMPLE ROAD, KALUTARA SOUTH', 'Provincial', 'Type 2', 30),
(2254, 'ETHAGAMA AMARASEKARA P.V.', 'ETHAGAMA, PAYAGALA', 'Provincial', 'Type 3', 30),
(2276, 'ALUTHGAMA M.V.', 'ALUTHGAMA', 'National', '1AB', 31),
(2277, 'SANGAMITHTHA B.M.V.', 'WELIPENNA RD., ALUTHGAMA', 'Provincial', 'Type 2', 31),
(2279, 'SRI GNANISSARA M.V.', 'DHARGA TOWN', 'Provincial', '1AB', 31),
(2280, 'PAYAGALA BANDARANAYAKA M.V.', 'PAYAGALA', 'Provincial', '1C', 31),
(2306, 'KARANDAGODA P.V.', 'BERUWALA', 'Provincial', 'Type 3', 31),
(2320, 'MIHINDU M.M.V.', 'AGALAWATTA.', 'Provincial', '1AB', 35),
(2321, 'ATALE M.V.', 'GURULUBEDDA.', 'Provincial', '1C', 37),
(2322, 'KAMBURAWALA M.V.', 'BADURALIYA.', 'Provincial', '1AB', 37),
(2327, 'KELINKANDA K.V.', 'KELINKANDA, AGALAWATTA', 'Provincial', 'Type 2', 37),
(2329, 'GURULUBEDDA K.V.', 'GURULUBEDDA', 'Provincial', 'Type 3', 37),
(2357, 'MERIL KARIYAWASAM M.M.V.', 'MEEGAHATENNA', 'Provincial', '1AB', 38),
(2359, 'WALALLAWITA M.V.', 'WALALLAWITA', 'Provincial', '1C', 38),
(2361, 'GAMMANA M.V.', 'GAMMANA, YAGIRALA.', 'Provincial', 'Type 2', 38),
(2365, 'SRI SARANANKARA P.V.', 'ITTAPANA', 'Provincial', 'Type 3', 38),
(3001, 'ALUDENIYA.M.V.', 'ALUDENIYA,KANDY.', 'Provincial', '1C', 39),
(3004, 'GALAGEDARA C.C.', 'GALAGEDARA', 'National', '1AB', 39),
(3010, 'SUJATHA BALIKA N.S.', 'GALAGEDARA', 'National', '1C', 39),
(3012, 'ALAGALLA P.S.', 'HATARALIYADDA.', 'Provincial', 'Type 3', 39),
(3015, 'NIYANGODA K.V.', 'NIYANGODA,KUMBUREGAMA,KANDY.', 'Provincial', 'Type 2', 39),
(3045, 'POOJAPITIYA M.M.V', 'POOJAPITIYA', 'National', '1AB', 40),
(3046, 'ANKUMBURA PARACRAMA M.V', 'ANKUMBURA', 'National', '1C', 40),
(3047, 'AMBATHENNA PUSHPADANA MAHA VIDYALAYA', 'AMBATHENNA', 'Provincial', '1C', 40),
(3048, 'ALAWATHUGODA C.C.', 'ALAWATHUGODA.', 'National', '1AB', 41),
(3049, 'DUNUWILA RATHANAPALA MAHA VIDYALAYA', 'DUNUWILA VIA KADY', 'Provincial', '1C', 41),
(3055, 'UDAHENA K.V', 'UDAHENA,UDA-HIGULWLA', 'Provincial', 'Type 2', 40),
(3061, 'DIPPITIYA SECONDARY SCHOOL', 'DIPPITIYA,ALAWATHUGODA', 'Provincial', 'Type 2', 41),
(3063, 'POOJAPITIYA.P.S.', 'POOJAPTIYA', 'Provincial', 'Type 3', 40),
(3071, 'SARATH EKANAYAKA K.V', 'ALAWATHUGODA', 'Provincial', 'Type 3', 41),
(3075, 'NUGAWELA C.C', 'NUGAWELA C.C ,NUGAWELA', 'National', '1AB', 42),
(3076, 'GOHAGODA M.V', 'KATUGASTOTA', 'Provincial', '1C', 42),
(3081, 'SENARATHGAMA K.V', 'SENARATHGAMA,KATUGASTOTA', 'Provincial', 'Type 2', 42),
(3092, 'NUGAWELA MODEL P.S.', 'NUGAWELA.', 'Provincial', 'Type 3', 42),
(3107, 'DORAGAMUWA M.V', 'DORAGAMUWA', 'Provincial', '1C', 43),
(3108, 'RAJASINGHE C.C', 'RAJASINGHE C.C,PANWILA', 'Provincial', '1C', 44),
(3111, 'WATTEGAMA BALIKA M.V', 'WATTEGAMA', 'Provincial', '1AB', 43),
(3114, 'YATIRAWANA M.V', 'WATTEGAMA', 'Provincial', 'Type 2', 43),
(3116, 'ARATHTHANA J.S', 'ARATHTHANA,MADULKELE', 'Provincial', 'Type 2', 44),
(3118, 'PARANAGAMA P.S', 'JAMBUGAHAPITIYA', 'Provincial', 'Type 3', 43),
(3135, 'WIMALADHARMA CENTRAL COLLEGE', 'KALUNTENNA BOPANA', 'Provincial', '1C', 46),
(3138, 'UDADUMBARA SECONDRY SCHOOL', 'UDADUMBARA', 'Provincial', '1AB', 46),
(3140, 'MEDIWAKA PRIMARY SCHOOL', 'MEDIWAKA  UDADUMBARA', 'Provincial', 'Type 3', 46),
(3141, 'MEEMURE KAIKAWALA K V', 'KAIKAWALA MEEMURE', 'Provincial', 'Type 2', 46),
(3158, 'PILHATHA MAHA VIDYALAYA', 'MAHAYAYA HASALAKA', 'Provincial', '1C', 47),
(3161, 'MEEGOLLA JUNIOR SCHOOL', 'HIMBUTUWA BARAWARDHANAOYA', 'Provincial', 'Type 2', 47),
(3165, 'UDATHTHAWA JUNIOR SCHOOL', 'BATUMULLA', 'Provincial', 'Type 3', 47),
(3169, 'RANASINGHA PREMADASA NATIONAL SCHOOL', 'HASALAKA', 'National', '1C', 47),
(3181, 'AMUPITIYA NATIONAL SCHOOL', 'UDISPATTUWA', 'National', '1C', 48),
(3182, 'UDISPATTUWA CENTRAL COLLEGE', 'UDISPATTUWA', 'Provincial', '1C', 48),
(3184, 'TELDENIYA NATIONAL SCHOOL', 'TELDENIYA', 'National', '1AB', 48),
(3185, 'DUNHINNA SECONDARY SCHOOL', 'DUNHINNA', 'Provincial', '1AB', 48),
(3188, 'AMBALA K V', 'AMBALA', 'Provincial', 'Type 2', 48),
(3191, 'URUGALA JUNIOR SCHOOL', 'MEDAMAHANUWARA', 'Provincial', 'Type 3', 48),
(3214, 'A.RATHNAYAE.C.C', 'WALALA-MENIKHINNA', 'Provincial', '1AB', 45),
(3215, 'THENNAKONE WIMALANANDA M.V', 'GUNNAPANA', 'Provincial', '1C', 45),
(3217, 'S.W.R.D.BANDARANAYAKE N.S.', 'WARAPITIYA,KUNDASALE', 'National', '1AB', 45),
(3225, 'ATHHARAGALLA K.V', 'MALPANA,KENGALLA', 'Provincial', 'Type 2', 45),
(3228, 'GALPIHILLAP.V', 'GALPIHILLA,PANWILA', 'Provincial', 'Type 3', 45),
(3263, 'MADINA C.C', 'MADAWALA BAZAAR', 'National', '1AB', 43),
(3273, 'SIVANESWARA T.V', 'NELLOOMALA,MADULKELE', 'Provincial', 'Type 3', 44),
(3286, 'AKURANA ZAHIRA C.C', 'BULUGAHATHANNA AKURANA', 'National', '1C', 41),
(3309, 'JABBAR CENTRAL COLLEGE', 'MADIGE,GALAGEDARA', 'Provincial', '1AB', 39),
(3313, 'HEWAHETA CENTRAL COLLGE', 'TALATUOYA', 'Provincial', '1AB', 49),
(3314, 'BOPITIYA RAJASINGHE M V', 'MARASSANA', 'National', '1C', 49),
(3315, 'ETHULGAMA MHA VIDYALAYA', 'ETHULGAMA', 'Provincial', '1C', 49),
(3318, 'MAHAMEDAGAMA M.V', 'MAHAMEDAGAMA', 'Provincial', 'Type 2', 49),
(3336, 'UNUWINNA K V', 'UNUWINNA', 'Provincial', 'Type 3', 49),
(3350, 'DHARMARAJA COLLEGE', 'KANDY', 'National', '1AB', 50),
(3352, 'ST.ANTHONEY''S COLLEGE', 'KANDY', 'Provincial', '1AB', 50),
(3355, 'GURUDENIYA MAHA VIDYALAYA', 'GURUDENIYA', 'Provincial', '1C', 50),
(3360, 'ANANDA M V', 'PERADENIYA', 'Provincial', 'Type 2', 50),
(3364, 'NANODA MODEL PRIMARY SCHOOL', 'WATAPULUWA, KANDY', 'Provincial', 'Type 3', 50),
(3404, 'MENIKDIWELA CENTRAL COLLEGE', 'MENIKDIWELA', 'Provincial', '1AB', 51),
(3405, 'KADUGANNAWA NATIONAL SCHOOL', 'KADUGANNAWA', 'National', '1AB', 51),
(3407, 'DANTHURE C.C.', 'DANTHURE', 'Provincial', '1C', 51),
(3413, 'UDAWELA JUNIOR SCHOOL', 'DANTHURE', 'Provincial', 'Type 2', 51),
(3416, 'HECTOR KOBBEKADUWA MODEL PRIMARY SCHOOL', 'KUBALWATHUMULLA,KIRIBATHKUMBURA', 'Provincial', 'Type 3', 51),
(3441, 'D.B.WIJETUNGA NATIONAL SCHOOL', 'DASKARA,MURUTHAGAHAMULA.', 'National', '1AB', 52),
(3442, 'GADALADENIYA MAHA VIDYALAYA', 'PILIMATHALAWA', 'Provincial', '1C', 52),
(3450, 'MADDUMA BANDARA JUNIOR SCHOOL', 'ALADUWEKA,PILIMATHLAWA', 'Provincial', 'Type 2', 52),
(3460, 'SRI PRAGNARATHANA CENTRAL COLLEGE', 'GELIOYA', 'Provincial', '1AB', 52),
(3470, 'WATTAPPOLA PRIMARY SCHOOL', 'WATTAPPOLA', 'Provincial', 'Type 3', 52),
(3488, 'WICKRAMABAHU NATIONAL SCHOOL', 'GAMPOLA', 'National', '1AB', 53),
(3489, 'ATABAGE UDAGAMA MAHA VIDYALAYA', 'MAHAUDAGAMA, GAMPOLA', 'Provincial', '1C', 53),
(3490, 'WIMALADHARMA NATIONL SCHOOL', 'ATABAGE,GAMPOLA', 'National', '1C', 53),
(3491, 'ST.ANDREWS KANISHTA VIDYALAYA', 'GAMPOLA', 'Provincial', 'Type 2', 53),
(3492, 'JINARAJA BOYS COLLEGE', 'SINGHAPITIYA,GAMPOLA', 'Provincial', '1AB', 53),
(3496, 'PUSSELLAWA BAUDDHA VIDYALAYA', 'PUSSELLAWA', 'Provincial', 'Type 3', 53),
(3532, 'SENADHIKARI NATONAL SCHOOL', 'UDAHENTENNA', 'National', '1C', 54),
(3533, 'ULAPANE MAHA VIDYALAYA', 'ULAPANE', 'Provincial', '1C', 54),
(3537, 'SRI SARANAPALA VIDYALAYA', 'UDAGAMA,ULAPANE', 'Provincial', 'Type 2', 54),
(3548, 'KOLUWALA REWATHA KANISHTA VIDYALAYA', 'KOLUWALA,UDAHENTHENNA.', 'Provincial', 'Type 3', 54),
(3553, 'ANURUDDHA KUMARA NATIONAL SCHOOL', 'NAWALAPITIYA', 'National', '1AB', 55),
(3554, 'PATTUNUPITIYA MAHA VIDYALAYA', 'NAWALAPITIYA', 'Provincial', 'Type 2', 55),
(3555, 'RAMBUKPITIYA MAHA VIDYALAYA', 'RAMBUKPITIYA', 'Provincial', '1C', 55),
(3556, 'ST.ANDREW''S BALIKA MAHA VIDYALAYA', 'NAWALAPITIYA', 'Provincial', '1AB', 55),
(3559, 'IMBULPITIYA KANISHTA VIDYALAYA', 'IMBULPITIYA,NAWALAPITIYA', 'Provincial', 'Type 3', 55),
(4001, 'DS SENANAYAKE MAHA VIDYALAYA', 'EREULA JAUNCTION DAMBULLA', 'Provincial', '1C', 56),
(4003, 'MA/RANGIRI DAMBULLA M.M.V', 'NISSANKA MAWATHA,DAMBULLA', 'National', '1AB', 56),
(4005, 'ETHABENDIWEVA K.V', 'LENADORA', 'Provincial', 'Type 2', 56),
(4009, 'THALAKIRIYAGAMA M.V.', 'THALAKIRIYAGAMA', 'Provincial', '1C', 57),
(4015, 'LENAWA P.S', 'LENAWA, KIMBISSA', 'Provincial', 'Type 3', 56),
(4032, 'THENNAKOONPURA P.S.', 'THALAKIRIYAGAMA', 'Provincial', 'Type 3', 57),
(4038, 'MANINGAMUWA M.V', 'MANINGAMUWA PALLEPOLA', 'Provincial', '1C', 58),
(4041, 'WEERA MADDUMA BANDARA J.S.', 'EHELEPOLA PALLEPOLA', 'Provincial', 'Type 2', 58),
(4042, 'KANDEWATTA P.S', 'MILLAWANA', 'Provincial', 'Type 3', 58),
(4044, 'MAHABODHI M.V.', 'PALLEPOLA', 'Provincial', '1AB', 58),
(4062, 'GALEWELA C.C', 'GALEWELA', 'Provincial', '1AB', 57),
(4067, 'ALUTHWEWA K.V.', 'BAMBARAGASWEWA', 'Provincial', 'Type 2', 57),
(4093, 'SRI NAGA NATIONAL SCHOOL', 'NAULA', 'National', '1AB', 59),
(4094, 'MONTI GOPALLAWA M.V (AMBANA M.V)', 'AMBANA , KOONGAHAWELA', 'Provincial', '1C', 59),
(4097, 'NIKULA BIBILA M.V.', 'NIKULA, NAULA', 'Provincial', 'Type 2', 59),
(4109, 'BAMBARAGAHAWATTA K.V.', 'BAMBARAGAHAWATTA, PUBBILIYA', 'Provincial', 'Type 3', 59),
(4118, 'CP/WIL MINIPURA VIJAYA M.V', 'DASGIRIYA,HATTOTA AMUNA', 'Provincial', '1C', 61),
(4119, 'NAMINIOYA CENTRAL COLLEGE', 'WILGAMUWA, MATALE.', 'Provincial', '1AB', 62),
(4121, 'MARAKA M.V.', 'MARAKA MATALE', 'Provincial', '1C', 62),
(4124, 'CP/WIL MEDAKANDA K.V', 'DUNUVILAPITIYA,MATALE', 'Provincial', 'Type 2', 62),
(4125, 'CP/WIL/RANAMURE K.V', 'RANAMUREGAMA LAGGALA PALLEGAMA', 'Provincial', 'Type 2', 61),
(4127, 'IMADUWA P.V.', 'IMADUWA LAGGALA PALLEGAMA', 'Provincial', 'Type 3', 61),
(4128, 'CP/WIL IMADUWAYAYA P.V.', 'PERAKANATHTHA,MATALE', 'Provincial', 'Type 3', 62),
(4150, 'PUSSELLA NAVODYA SCHOOL', 'PUSSELLA GAMMADUWA', 'Provincial', '1C', 60),
(4154, 'KUMBALOLUWA JUNIOR SCHOOL', 'IMBULGOLLA MATALE', 'Provincial', 'Type 2', 60),
(4159, 'IMBULGOLLA PRIMARY SCHOOL', 'DAMBAGAHAMUDUNA GAMMADUWA', 'Provincial', 'Type 3', 60),
(4171, 'BUDDHAGOSHA M.V.', 'PALAPATHWELA,MATALE', 'Provincial', '1C', 63),
(4172, 'SRI SANGAMITHTHA BALIKA NATIONAL SCHOOL', 'HULANGAMUWA ROAD,MATALE', 'National', '1AB', 63),
(4176, 'VIJAYAPALA MAHA VIDYALAYA', 'MATALE', 'Provincial', '1AB', 63),
(4177, 'DULLEWA M.V', 'DULLEWA, MATALE', 'Provincial', '1C', 64),
(4179, 'WEERAPARAKRAMA C.C', 'YATAWATTA MATALE', 'Provincial', '1AB', 64),
(4182, 'ALUTHGAMA VIDYALAYA', 'ALUTHGAMAMA , WALAWELA , MATALE', 'Provincial', 'Type 3', 64),
(4184, 'KANANGAMUWA V.', 'DUNKOLAWRTTA,MATALE.', 'Provincial', 'Type 2', 63),
(4193, 'NANDANA VIDYALAYA', 'UDASGIRIYA MATALE', 'Provincial', 'Type 2', 64),
(4199, 'HULANGAMUWA VIDYALAYA', 'HULANGAMUWA, MATALE', 'Provincial', 'Type 3', 63),
(4204, 'KAIKAWALA CENTRAL COLLEGE', 'KAIKAWALA', 'Provincial', '1AB', 65),
(4205, 'BANDARAPOLA M.V.', 'KIULA,MATALE', 'Provincial', '1C', 65),
(4208, 'ALAKOLAMADA K.VIDYALAYA', 'KAIKAWALA', 'Provincial', 'Type 2', 65),
(4209, 'KIULA ULPOTHA V.', 'KIULA,MATALE', 'Provincial', 'Type 3', 65),
(4232, 'OVILIKANDA M.V', 'OVILIKANDA, MATALE', 'Provincial', '1C', 66),
(4234, 'SRI PAGNGNARAMA M.V', 'UDATENNA,MATALE', 'Provincial', 'Type 2', 66),
(4247, 'SRI SARANANDA VIDYALAYA (GURALAWELA -V)', 'GURALAWELA UKUWELA', 'Provincial', 'Type 3', 66),
(4263, 'AJMEER NATIONAL SCHOOL', 'ELKADUWA ROAD UKUWELA', 'National', '1AB', 66),
(4316, 'CP/G/WEERAKEPPETIPOLA NATIONAL SCHOOL', 'AKURAMBODA', 'National', '1AB', 58),
(5001, 'GAMINI NS', 'BADULLA ROAD NUWARA ELIYA', 'National', '1AB', 67),
(5002, 'SUMANA CC', 'TALAWAKELLE', 'Provincial', '1AB', 67),
(5003, 'LINDULA M.V.', 'LINDULA', 'Provincial', '1C', 67),
(5010, 'AMBEWELA V', 'AMBEWLA', 'Provincial', 'Type 2', 67),
(5018, 'KALUKELE PV', 'NUWARAELIYA', 'Provincial', 'Type 3', 67),
(5025, 'ST.COOMBS.M.V', 'TALAWAKELLE', 'Provincial', '1C', 68),
(5031, 'GINIGATHHENA MADYA MAHA VIDYALAYA', 'GINIGATHHENA', 'Provincial', '1AB', 71),
(5033, 'NORWOOD SINHALA MAHA VIDYALAYA', 'NORWOOD', 'Provincial', '1C', 71),
(5045, 'DHAMMALOKA VIDYALAYA', 'BADUPOLA GINIGATHHENA', 'Provincial', 'Type 2', 71),
(5049, 'HEBBEKANDA VIDYALAYA', 'HEBBEKANDA GINIGATHHENA', 'Provincial', 'Type 3', 71),
(5065, 'CP/KOT/HEDUNUWEWA CENTRAL COLLEGE', 'HEDUNUWEWA VIA HATTON', 'Provincial', '1AB', 75),
(5066, 'CP/KOT/GEMUNU MAHA VIDUHALA', 'MASWELA,GAMPOLA.', 'Provincial', '1C', 75),
(5069, 'CP/KOT/SRI MALIYADEWA MAHA VIDUHALA', 'VIJAYABAHU KANDA,VIA HATTON', 'Provincial', 'Type 3', 75),
(5070, 'CP/KOT/JAYAHELA NATIONAL SCHOOL', 'PUNDALUOYA', 'National', '1AB', 75),
(5073, 'CP/KOT/BERAMANA VIDYALAYA', 'WIJEBAHUKANDA VIA ,HATTON', 'Provincial', 'Type 2', 75),
(5111, 'CP/W SRI SUMANGALA N.C.', 'NILDANDAHINNA', 'National', '1AB', 76),
(5112, 'CP/W/BATAGOLLA PUSSADEWA SECONDARY SCHOOL', 'WALAPANE', 'Provincial', '1AB', 76),
(5113, 'CP/W/KEERTHI BANDARA M.V.', 'KUMBALGAMUWA', 'Provincial', '1C', 76),
(5116, 'CP/W/ABAHENA V.', 'KALAGANWATHTHA', 'Provincial', 'Type 3', 76),
(5118, 'CP/W/NANDARAMA V.', 'EGODAKANDA, WALAPANE', 'Provincial', 'Type 2', 76),
(5167, 'HIGHLANDS COLLEGE', 'HATTON', 'Provincial', '1AB', 72),
(5168, 'TALAWAKELLA TMV', 'TALAWAKELLA', 'Provincial', '1AB', 69),
(5170, 'SARASWATHY T M V', 'LINDULA', 'Provincial', '1C', 69),
(5171, 'HOLBROOK TMV', 'AGRAPATHANA', 'Provincial', '1C', 70),
(5174, 'PANMOURE TAMIL VIDYALAYAM', 'HATTON', 'Provincial', 'Type 2', 72),
(5177, 'ABBORTSLEIGH TAMIL MAHA VIDYALAYAM', 'HATTON', 'Provincial', '1C', 72),
(5179, 'CHRYSTLERS FARM T.V', 'KOTAGALA', 'Provincial', 'Type 2', 69),
(5180, 'DAYAGAMA TV', 'DAYAGAMA', 'Provincial', 'Type 2', 70),
(5182, 'CALIDONIYA TV', 'LINDULA', 'Provincial', 'Type 3', 70),
(5186, 'AGARAKANDE T V', 'LINDULA', 'Provincial', 'Type 3', 69),
(5191, 'BINOYA NO 2 TAMIL VIDYALAYAM', 'ROZELLA', 'Provincial', 'Type 3', 72),
(5250, 'ST.JOSEPH''S T.M.V', 'MASKELIYA', 'Provincial', '1AB', 73),
(5251, 'ST.MARY''S CENTRAL COLLEGE,', 'BOGAWANTALAWA', 'Provincial', '1C', 74),
(5253, 'GANAPATHY TAMIL VIDYALAYAM', 'NORTON BRIDGE', 'Provincial', '1C', 73),
(5257, 'MASKELIYA MUSLIM VIDYALAYAM', 'MASKELIYA', 'Provincial', 'Type 2', 73),
(5259, 'BHARATHI TAMIL VIDYALAYAM (STOCKHOLM T.V.)', 'UPCOT', 'Provincial', 'Type 2', 74),
(5270, 'SINGARAWATTE TAMIL VIDYALAYAM', 'BOGAWANTHALAWA', 'Provincial', 'Type 3', 74),
(5275, 'ANANDALE TAMIL VIDYALAYAM', 'UPCOT', 'Provincial', 'Type 3', 73),
(5327, 'MERIGOLD T.V.', 'MERIGOLD LOWER DIVISION KANDAPOLA.', 'Provincial', 'Type 3', 77),
(5328, 'PRINCESS TAMIL SCHOOL', 'GONAPITIYA KANDAPOLA.', 'Provincial', '1C', 77),
(5335, 'MOOLOYA TAMIL SCHOOL', 'MOOLOYA,HEWAHETA.', 'Provincial', 'Type 2', 77),
(5377, 'ST XAVIER''S COLLEGE', 'NUWARA ELIYA', 'Provincial', '1AB', 68),
(5381, 'ST.ANTHONY''S T.V', 'BLACKPOOL , NUWARA ELIYA', 'Provincial', 'Type 2', 68),
(5385, 'ST.JOHNS''T.V', 'KANDAPOLA', 'Provincial', 'Type 3', 68),
(5428, 'PORAMADULLA CENTRAL COLLEGE', 'PORAMADULLA RIKILLAGASKADA', 'National', '1AB', 77),
(5432, 'DIYATHILAKA CENTRAL COLLEGE', 'HANGURANKETHTHA', 'Provincial', '1AB', 77),
(6001, 'REWATHA NATIONAL COLLEGE', 'BALAPITIYA', 'National', '1AB', 78),
(6002, 'SIDDHARTHA M.M.V.', 'BALAPITIYA', 'Provincial', '1AB', 78),
(6003, 'HEGALLA M.V.', 'KOSGODA', 'Provincial', '1C', 78),
(6008, 'AMPE K.V.', 'AMPE, BALAPITIYA', 'Provincial', 'Type 2', 78),
(6009, 'BALAPITIYA K.V', 'BALAPITIYA', 'Provincial', 'Type 3', 78),
(6033, 'ALUTHWALA M.V.', 'ALUTHWALA', 'Provincial', '1C', 79),
(6034, 'BATAPOLA M.M.V.', 'BATAPOLA', 'Provincial', '1AB', 79),
(6035, 'SRI DEVANANDA COLLEGE', 'AMBALANGODA', 'National', '1AB', 79),
(6037, 'GRAMANI M.V.', 'KALUWADUMULLA,AMBALANGODA', 'Provincial', 'Type 2', 79),
(6041, 'TELIKADA M.V.', 'TELIKADA,GINIMELLAGAHA', 'Provincial', '1C', 81),
(6042, 'BERATHUDUWA K.V.', 'BERATHUDUWA,GONAPINUWALA', 'Provincial', 'Type 3', 79),
(6044, 'GINIMELLAGAHA M.V.', 'GINIMELLAGAHA', 'Provincial', 'Type 2', 81),
(6068, 'KARANDENIYA C.C', 'KARANDENIYA', 'National', '1AB', 85),
(6069, 'AMPEGAMA M.V.', 'AMPEGAMA', 'Provincial', '1AB', 86),
(6070, 'YATAGALAM.V', 'YATAGALA,URAGASMANHANDIYA.', 'Provincial', '1AB', 85),
(6071, 'BANDULASENADEERA K.V.', 'KARANDENIYA', 'Provincial', '1C', 85),
(6074, 'AGALIYA M.V.', 'AGALIYA', 'Provincial', 'Type 2', 86),
(6075, 'ETHKANDURA SIWALI M.V.', 'ETHKANDURA', 'Provincial', '1C', 86),
(6079, 'DANGAHAWILA K.V.', 'DANGAHAWILA,KARANDENIYA', 'Provincial', 'Type 2', 85),
(6088, 'MADDEWILA K.V.', 'MADDEWILA,ETHKANDURA', 'Provincial', 'Type 3', 86),
(6092, 'KAKIRISKANDA K.V', 'KARANDENIYA', 'Provincial', 'Type 3', 85),
(6116, 'GAMINI MADYA MAHA VIDYALAYA', 'BENTHOTA', 'National', '1AB', 87),
(6117, 'G/ELAKAKA M.V.', 'ELKAKA,HABURUGALA.', 'Provincial', '1AB', 87),
(6119, 'G/INDURUWA M.V.', 'KAPUGEWATTA,MAHAINDURUWA.', 'Provincial', '1C', 87),
(6121, 'G/GALBADA ATURUWELLA M.V.', 'GALBADA,INDURUWA', 'Provincial', 'Type 2', 87),
(6138, 'G/KOTUWABANDAHENA K.V', 'URAGAHA', 'Provincial', 'Type 3', 87),
(6141, 'ANANDA M.M.V.', 'ELPITIYA', 'National', '1AB', 88),
(6142, 'AVITHTHAWA NALANDHA M.V.', 'GANEGODA', 'Provincial', '1C', 88),
(6144, 'SRI SHASANACHANDRA M.V.', 'ELLA-THANABADDEGAMA', 'Provincial', 'Type 2', 88),
(6145, 'KAHADUWA M.V.', 'KAHADUWA', 'Provincial', '1AB', 88),
(6161, 'WATHURUVILA K.V.', 'KAHADUWA', 'Provincial', 'Type 3', 88),
(6178, 'HALVITIGALA SHARIPUTHRA M.V.', 'HALVITIGALA MALGALLA THALANGALLA.', 'Provincial', 'Type 2', 90),
(6179, 'MALLIKA.M.V.', 'HINIDUMA.', 'Provincial', '1C', 90),
(6180, 'NELUWA NATIONAL SCHOOL', 'NELUWA,GALLE', 'National', '1AB', 90),
(6184, 'DEWALEGAMA K.V.', 'DEWALEGAMA,DELLAWA,MORAWAKA', 'Provincial', 'Type 3', 90),
(6214, 'NIYAGAMA VIJITHA M.V.', 'NIYAGAMA,THALGASWELA', 'Provincial', '1C', 89),
(6216, 'MAPALAGAMA CENTRAL COLLEGE', 'MAPALAGAMA CENTRAL - MAPALAGAMA', 'Provincial', '1C', 91),
(6217, 'NARANOVITA PORAWAGAMA M.V.', 'PORAWAGAMA', 'Provincial', 'Type 2', 89),
(6218, 'NAGODA ROYAL COLLEGE', 'NAGODA, GALLE', 'National', '1AB', 91),
(6220, 'POODDIWALA M.V.', 'POODDIWALA, MATHTHAKA', 'Provincial', '1AB', 89),
(6228, 'GONALAGODA VIJAYABAHU VIDYALAYA', 'GAMMADDEGODA, NAGODA', 'Provincial', 'Type 3', 91),
(6230, 'URALA K.V', 'URALA,WADURABA', 'Provincial', 'Type 2', 91),
(6247, 'NIYAGAMA K.V.', 'NIYAGAMA,TALGASWALA', 'Provincial', 'Type 3', 89),
(6254, 'WANDURAMBA CENTRAL COLLEGE', 'WANDURAMBA CENTRAL COLLEGE WANDURAMBA GALLE', 'National', '1AB', 81),
(6263, 'GANEGAMA NORTH VIDYALAYA', 'GANEGAMA NORTH,BADDEGAMA.', 'Provincial', 'Type 3', 81),
(6286, 'UDUGAMA M.V.', 'UDUGAMA, GALLE', 'Provincial', '1AB', 91),
(6287, 'POLPAGODA DHARMAPALA M.V.', 'YAKKALAMULLA', 'Provincial', '1C', 92),
(6289, 'THELLAMBURA DUTUGAMUNU M.V.', 'TELLAMBURA,NAKIYADENIYA', 'Provincial', '1AB', 92),
(6291, 'IHALA THELLAMBURA VIDYAKANTHI K.V.', 'IHALA THELLAMBURA NAKIYADENIYA', 'Provincial', 'Type 2', 92),
(6303, 'ELLA IHALA DARMODAYA K.V', 'MAGEDARA,GALLE', 'Provincial', 'Type 3', 92),
(6317, 'SRI SUMANGALA NATIONAL SCHOOL', 'NALAGASDENIYA,HIKKADUWA', 'National', '1AB', 80),
(6319, 'BODHIRAJA M.V.', 'THIRANAGAMA,HIKKADUWA', 'Provincial', '1C', 80),
(6321, 'ROHANA VIDYALAYA', 'DODANDOOWA', 'Provincial', '1AB', 80),
(6322, 'SRI DAMMASARA PIYARATHANA K.V.', 'DODANDUWA', 'Provincial', 'Type 3', 80),
(6323, 'MAWADAVILA MALIYADEVA M.V.', 'MAWADAVILA, RATHGAMA.', 'Provincial', 'Type 2', 80),
(6366, 'MAHINDA COLLEGE', 'WOODWARD MAWATHA,GALLE.', 'National', '1AB', 82),
(6372, 'SACRED HEART CONVENT B.M.V.', 'KALUWELLA, GALLE', 'Provincial', '1AB', 82),
(6374, 'JAYAWARDENA M,V', 'DANGEDARA GALLE', 'Provincial', '1C', 82),
(6377, 'PIYATHISSA MODEL SCHOOL', 'KALEGANA,GALLE', 'Provincial', 'Type 2', 82),
(6384, 'GINTOTA DHARAMAPALA VIDYALAYA', 'GINTOTA', 'Provincial', 'Type 3', 82),
(6392, 'G/UPANANDA VIDYALAYA', 'MANAVILA,WALAHANDUWA.', 'National', '1AB', 83),
(6394, 'NARAWALA M.V.', 'NARAWALA,PODDALA', 'Provincial', '1C', 83),
(6396, 'KALAHE SRI SUMANGALODAYA SECONDARY SCHOOL', 'KALAHE,WANCHAWALA', 'Provincial', '1AB', 83),
(6403, 'MEEGODA SARWAMITHRA M.V', 'WANCHAWALA', 'Provincial', 'Type 2', 83),
(6407, 'YATAGALA MALKAM K.V', 'UNAWATUNA GALLE', 'Provincial', 'Type 3', 83),
(6431, 'BOUNAVISTA M.V.', 'BOUNAVISTAWA,UNAWATUNA', 'Provincial', 'Type 2', 84),
(6432, 'DORAPE M.V', 'DORAPE,ANGULUGAHA', 'Provincial', '1AB', 84),
(6433, 'HOWPE M.V.', 'HOWPE,IMDUWA', 'Provincial', '1C', 84),
(6444, 'MAWELLA K.V', 'MAWELLA, AHANGAMA', 'Provincial', 'Type 3', 84),
(6457, 'KATHALUWA CENTRAL COLLEGE', 'KATHALUWA AHANGAMA', 'National', '1AB', 84),
(6496, 'ZAHIRA NATIONAL SCHOOL', 'KURUNDU WATTA,GINTOTA', 'National', '1C', 82),
(7001, 'PITABEDDARA SECONDARY SCHOOL', 'PITABEDDARA.', 'Provincial', '1AB', 93),
(7002, 'KADURUWANA K.V.', 'KADURUWANA,PITABEDDARA.', 'Provincial', 'Type 2', 93),
(7003, 'HULANDAWA T.M.V.', 'HULANDAWA,PITABEDDARA', 'Provincial', '1C', 96),
(7004, 'DEHIGASPA DUDLY SENANAYAKA M.V', 'DEHIGASPE,PITABEDDARA.', 'Provincial', '1C', 93),
(7005, 'ANAGARIKA DHARMAPALA K.V.', 'DEHIGASPE,PITABEDDARA.', 'Provincial', 'Type 3', 93),
(7017, 'MORAWAKA KEERTHI ABEWICRAMA NATIONAL SCHOOL', 'DENIYAYA ROAD,MORAWAKA.', 'National', '1AB', 94),
(7019, 'PORUPITIYA K.V', 'WARALLA.', 'Provincial', 'Type 3', 94),
(7028, 'PARAGALA K.V.', 'PARGALA,MORAWAKA.', 'Provincial', 'Type 2', 94),
(7029, 'KOTAPOLA NATIONAL SCHOOL', 'KOTAPOLA.', 'National', '1C', 94),
(7033, 'WARALLA M.D.YAPA.M.V.', 'DENIYAYA RD,WARALLA.', 'Provincial', '1C', 94),
(7036, 'OLAKUMBURA K.V', 'OLAKUMBURA,DENIYAYA', 'Provincial', 'Type 3', 95),
(7038, 'THALAPALAKANDA K.V', 'THALAPALAKANDA,DENIYAYA', 'Provincial', 'Type 2', 95),
(7041, 'URUBOKKA M.M.V', 'URUBOKKA', 'National', '1AB', 95),
(7046, 'GINNALIYA M.V.', 'GINNALIYA,URUBOKKA', 'Provincial', '1C', 95),
(7071, 'TELIJJAWILA M.M.V', 'TELIJJAWILA', 'National', '1AB', 97),
(7072, 'AKURUGODA K.V.', 'SULTHANAGODA', 'Provincial', 'Type 2', 97),
(7074, 'TELIJJAWILA RAJAKEEYA M V', 'TELIJJAWILA', 'Provincial', '1C', 97),
(7080, 'KARAGOGA UYANGOGA M.V.', 'KARAGOGA UYANGOGA', 'Provincial', '1C', 99),
(7081, 'KARAGODA UYANGODA K.V.', 'KARAGODA UYANGODA', 'Provincial', 'Type 3', 99),
(7082, 'HALLALA M V', 'HALLALA WELIGAMA', 'Provincial', '1C', 98),
(7083, 'KOKMADUWA K V', 'KOKMADUWA WELIGAMA', 'Provincial', 'Type 2', 98),
(7084, 'PENETIYANA SADDHATISSA K.V.', 'PENETIYANA,WELIGAMA', 'Provincial', 'Type 3', 98),
(7102, 'NIMALAWA K V', 'KANANKE BAZAAR', 'Provincial', 'Type 2', 96),
(7103, 'MA/GALLALA K.V', 'KANANKE BAZAAR', 'Provincial', 'Type 3', 96),
(7104, 'GODAPITIYA NATIONAL SCHOOL', 'AKURESSA', 'National', '1AB', 96),
(7146, 'NARANDENIYA M.M.V', 'NATIONAL SCHOOL  KAMBURUPITYA', 'National', '1AB', 99),
(7147, 'KAMBURUPITIYA M.V.', 'KAMBURUPITIYA', 'Provincial', 'Type 2', 99),
(7159, 'IHALAVITIYALA SOUTH K.V.', 'KARAGODA UYANGODA', 'Provincial', 'Type 3', 100),
(7162, 'THIGODA M.M.V', 'THIHAGODA', 'National', '1AB', 100),
(7165, 'KITALAGAMA WEST M.V.', 'TIHAGODA', 'Provincial', '1C', 100),
(7166, 'KITHALAGAM EAST K.V.', 'THIHAGODA', 'Provincial', 'Type 2', 100),
(7173, 'YATIYANA M.V.', 'YATIYANA MATARA', 'Provincial', '1AB', 100),
(7177, 'APAREKKA M.V', 'APEREKKA', 'Provincial', '1C', 103),
(7178, 'UDA APEREKKA K.V', 'UDA APEREKKA,APAREKKA', 'Provincial', 'Type 2', 103),
(7179, 'APAREKKA MODEL JUNIOR SCHOOL', 'APAREKKA', 'Provincial', 'Type 3', 103),
(7181, 'PUHULWELLA M.M.V.', 'KRINDA.PULWELLA.', 'Provincial', '1AB', 99),
(7193, 'METHODIST M.M.V', 'HAKMANA', 'Provincial', '1AB', 101),
(7194, 'BUDDHAJAYANTHI K.V', 'HAKMANA', 'Provincial', 'Type 3', 101),
(7196, 'WEPATHAIRA GUNASEKARA M.V', 'WEPATHAIRA , HAKMANA', 'Provincial', 'Type 2', 101),
(7199, 'JAYAWARDANA M.V', 'GANGODAGAMA , HAKMANA', 'Provincial', '1C', 101),
(7215, 'PALLAWELA M.V', 'RADAWELA', 'Provincial', '1C', 102),
(7216, 'PALLAWELA BATADOLA K.V.', 'BATADOLA DENAGAMA', 'Provincial', 'Type 2', 102),
(7225, 'DEIYANDARA M.M.V', 'DEIYANDARA', 'National', '1AB', 102),
(7227, 'SEENIPELLA K.V', 'MULATIYANA JUNCTION', 'Provincial', 'Type 3', 102),
(7238, 'MAKANDURA M.M.V.', 'MAKANDURA M.M.V. MAKANDURA', 'Provincial', '1AB', 102),
(7258, 'SIDDHARTHA COLLEGE', 'WELIGAMA', 'National', '1AB', 104),
(7260, 'MIDIGAMA M.V.', 'MIDIGAMA,AHANGAMA.', 'Provincial', 'Type 2', 104),
(7262, 'SRI SANGHANANDA V.', 'KAPPARATOTA,WELIGAMA.', 'Provincial', 'Type 3', 104),
(7274, 'PELENA SRI WAJIRAGNANA M.V.', 'WELIGAMA', 'Provincial', '1C', 104),
(7284, 'KAMBURUGAMUWA M.V.', 'KAMBURUGAMUWA', 'Provincial', '1AB', 104),
(7298, 'PALATUWA GUNARATHANA M M V', 'PALATUWA MATARA', 'Provincial', '1AB', 105),
(7299, 'ATHTHUDAWA M V', 'ATTHUDAWA PALATUWA', 'Provincial', '1C', 105),
(7300, 'ANGUNNABADULLA K.V.', 'WELLETHOTA,PALATUWA', 'Provincial', 'Type 2', 105),
(7304, 'SULTHANAGODA JUNIOR SCHOOL', 'SULTHNAGODA MATARA', 'Provincial', 'Type 3', 97),
(7305, 'RAHULA COLLEGE', 'AKURESSA ROAD MATARA', 'National', '1AB', 105),
(7308, 'M R POLHENA MAHA VIDYALAYA', 'POLHENA MATARA', 'Provincial', 'Type 3', 105),
(7350, 'DEVINUWARA NATI0NAL SCH00L.', 'DEVINUWERA', 'National', '1AB', 103),
(7360, 'GODAUDA NAWODYA MAHA VIDYALAYA', 'GODAUDA KOTTEGODA', 'Provincial', '1C', 106),
(7361, 'THALALLA SOUTH M.V', 'THALALLA SOUTH ,KOTTEGODA', 'Provincial', '1AB', 103),
(7367, 'PATHEGAMA SOUTH SIRISUMANA P.V', 'KOTTAGODA', 'Provincial', 'Type 3', 106),
(7373, 'RADAMPOLA SRI SUMANGALA M.M.V', 'RADAMPOLA,URUGAMUWA', 'Provincial', '1AB', 106),
(7375, 'ARANKAHADENIYA K.V', 'ARANKAHADENIYA URUGAMUWA', 'Provincial', 'Type 2', 106),
(7383, 'VIJITHA CENTRAL COLLEGE', 'DICKWELLA', 'National', '1AB', 106),
(7394, 'MINHATH NATIONAL SCHOOL', 'SANDS ROAD DICKWELLA', 'National', '1C', 106),
(8001, 'WALASMULLA N.S.', 'WALASMULLA', 'National', '1AB', 107),
(8002, 'KATUWANA M.M.V.', 'KATUWANA.', 'National', '1AB', 108),
(8003, 'MEDAGANGODA M.V.', 'MEDAGANGODA,WALASMULLA.', 'Provincial', '1C', 108),
(8005, 'KIRAMA DHAMMANANDA M V', 'KIRAMA', 'Provincial', '1AB', 108),
(8009, 'OMARA M.V.', 'WALASMULLA', 'Provincial', '1C', 107),
(8011, 'BOWALA K V', 'BOWALA WALASMULLA', 'Provincial', 'Type 2', 107),
(8013, 'AGALABADA K V', 'HOREWELAGODA, WALASMULLA', 'Provincial', 'Type 2', 108),
(8026, 'WALASMULLA M.P.S', 'WALASMULLA', 'Provincial', 'Type 3', 107),
(8032, 'SAPUTHANTHRIKANDA PRIMARY SCHOOL', 'RAMMALA,WARAPITIYA.', 'Provincial', 'Type 3', 108),
(8042, 'PALLE JULAMPITIYA M V', 'JULAMPITIYA', 'Provincial', '1AB', 107),
(8073, 'TANGALLE BOY''S NATIONAL SCHOOL', 'TANGALLE', 'National', '1AB', 109),
(8075, 'KADURUPOKUNA SRI PRIYADASSI M.V', 'KADURUPOKUNA,TANGALLE.', 'Provincial', '1C', 109),
(8077, 'KOTAVAYA M.V', 'KOTAWAYA, HAKURUWELA.', 'Provincial', '1C', 110),
(8078, 'UNAKURUWA K.V', 'UNAKURUWA,TANGALLE', 'Provincial', 'Type 2', 109),
(8084, 'HAKURUWELA K.V.', 'HAKURUWELA', 'Provincial', 'Type 2', 110),
(8085, 'UDAYALA M.V.', 'HAKURUWELA.', 'Provincial', '1AB', 110),
(8090, 'KADURUPOKUNA RAJAPAKSHA P.V', 'KADURUPOKUNA WEST, TANGALLE', 'Provincial', 'Type 3', 109),
(8106, 'VIJAYABA CENTRAL COLLEGE', 'HUNGAMA', 'National', '1AB', 112),
(8107, 'RANNA M.V', 'RANNA', 'Provincial', '1AB', 109),
(8108, 'MAMADALA M.V.', 'MAMADALA', 'Provincial', '1C', 112),
(8112, 'MAHANAGA NATIONAL SCHOOL', 'ANGUNUKOLAPELESSA.', 'National', '1AB', 110),
(8113, 'RATHMALWALA P.V.', 'RATHMALWALA', 'Provincial', 'Type 3', 110),
(8115, 'BATAATHA SOUTH K.V', 'BATAATHA SOUTH , HUNGAMA', 'Provincial', 'Type 2', 112),
(8128, 'WETIYA DHARMAPALA M.V.', 'WETIYA,BARAWAKUMBUKA', 'Provincial', '1AB', 112),
(8138, 'BATAATHA NORTH P.V.', 'BATAATHA,HUNGAMA.', 'Provincial', 'Type 3', 112),
(8144, 'GETAMANNA VIJAYA NATIONAL SCHOOL', 'GETAMANNA,BELIATTA.', 'National', '1AB', 111),
(8145, 'BELIATTA M.M.V.', 'BELIATTA', 'Provincial', '1AB', 111),
(8146, 'AMBALA M.V.', 'AMBALA,BELIATTA', 'Provincial', '1C', 111),
(8159, 'DEDDUWAWALA K.V.', 'DEDDUWAWALA,NAKULUGAMUWA', 'Provincial', 'Type 2', 111),
(8164, 'MAHAHEELLA P.V.', 'MAHAHEELLA,BELIATTA', 'Provincial', 'Type 3', 111),
(8227, 'MAGAMA MAHA WIDYALAYA', 'MAGAMA.TISSAMAHARAMA', 'Provincial', '1AB', 113),
(8228, 'H/DEWANANDA MAHA VIDUHALA.', 'YODAKANDIYA,TISSAMAHARAMA.', 'Provincial', '1C', 113),
(8229, 'DEBARAWEWA CENTRAL COLLEGE', 'TISSAMAHARAMA', 'National', '1AB', 113),
(8230, 'BOONDALA K.V.', 'BOONDALA,HAMBANTHOTA', 'Provincial', 'Type 2', 114),
(8231, 'PUSTHOLAMULLA JAYAWICKRAMA KANITU VIDUHALA.', 'RANAKELIYA .TISSAMAHARAMA.', 'Provincial', 'Type 2', 113),
(8234, 'OYAGAWA RANAWARNAWA KANITU VIDUHALA', 'RANAWARNAWA THANAMALWILA', 'Provincial', 'Type 2', 115),
(8237, 'LUNUGAMWEHERA MAHAVIDYALAYA', 'NEW TOWN LUNUGAMWEHERA', 'Provincial', '1AB', 115),
(8239, 'H/DEBARAHELA ELLAGALA PRIMARY SCHOOL.', 'WEERAWILA', 'Provincial', 'Type 3', 113),
(8251, 'ANGUNUKOLAWEWA KANITU VIDUHALA', 'ANGUNUKOLAWEWA TANAMALWILA', 'Provincial', 'Type 3', 115),
(8264, 'SAMANPURA MAHA VIDUHALA', 'KUDAGAM 9 WEERWILA NEW TOWN', 'Provincial', '1C', 115),
(8276, 'SHANTHA MERRI NATIONAL V.', 'HAMBANTOTA', 'National', '1AB', 114),
(8277, 'BANDAGIRIYA M.V.', 'BANDAGIRIYA,HAMBANTHOTA', 'Provincial', '1C', 114),
(8280, 'SAHIRA MUSLIM N.S', 'HAMBANTOTA', 'National', '1C', 114),
(8287, 'MAHAGAL WEWA K.V.', 'MAHAGAL WEWA,SOORIHAWEWA', 'Provincial', 'Type 2', 116),
(8288, 'MEEGAHAJANDURA M.V.', 'MEEGAHAJANDURA,SOORIYA WEWA', 'Provincial', '1C', 116),
(8289, 'SOORIYAWEWA NATIONAL SCHOOL', 'SOORIYAWEWA', 'National', '1AB', 116),
(8294, 'DHRMATHILAKA.P.V', 'SIYABALAGASWILA-RUHUNURIDIYAGAMA', 'Provincial', 'Type 3', 114),
(8303, 'IHALA KUMBUK WEWA', 'MEEGAHAJANDURA,SOORIYAWEWA', 'Provincial', 'Type 3', 116),
(8307, 'VIHARAGALA SECANDARI SCHOOL', 'VIHARAGALA,SOORIYAWEWA', 'Provincial', '1AB', 116),
(9001, 'DELFT M.V', 'WARD NO - 10, DELFT', 'Provincial', '1C', 117),
(9002, 'J/NAINATIVU MAHA VID', 'WARD NO - 05, NAINATIVU', 'Provincial', '1C', 118),
(9004, 'PUNGUDUTIVU SRI GANESHA M.V', 'WARD ON - 12, PUNGUDUTIVU.', 'Provincial', 'Type 2', 118),
(9012, 'DELFT MAVALITHURAI R.C.T.M.VID', 'WARD NO - 13, DELFT EAST, DELFT', 'Provincial', 'Type 3', 117),
(9018, 'DELFT SEEKIRIYAMPALLAM G.T.M.VID', 'WARD NO - 06, DELFT', 'Provincial', 'Type 2', 117),
(9019, 'J/NAINATIVU SRI NAGAPOOSANY VID', 'WARD NO - 2, NAINATIVU', 'Provincial', 'Type 3', 118),
(9029, 'J/VELANAI CENTRAL COLLEGE', 'VELANAI WEST, VELANAI', 'Provincial', '1AB', 118),
(9030, 'J/ST.ANTONY''S COLLEGE, KAYTS', 'HOSPITAL ROAD, KAYTS', 'Provincial', '1AB', 119),
(9032, 'J/KARAMPON SHAMUGANATHA MAHA VIDYALAYAM', 'KARANPON WEST KAYTS', 'Provincial', 'Type 2', 119),
(9034, 'K/KARAMPON LITTLE FLOWER''S GIRL''S MAHA VIDYAL', 'KARAMPON, KAYTS', 'Provincial', '1C', 119),
(9045, 'J/ANALATIVU SOUTH G.T.M. VIDYALAYAM', 'WARD NO.01, ANALATIVU', 'Provincial', 'Type 3', 119),
(9064, 'J/PANDATERUPPU GIRLS''HIGH SCHOOL', 'PANDATERUPPU', 'Provincial', '1AB', 120),
(9065, 'J/VADDU HINDU COLLEGE', 'SITHANKERNY', 'Provincial', '1AB', 121),
(9067, 'PANDATERUPPU HINDU COLLEGE', 'PANDATERUPPU', 'Provincial', '1C', 120),
(9069, 'J/ARALY HINDU COLLEGE', 'ARALY NORTH,VADDUKODDAI', 'Provincial', 'Type 2', 121),
(9070, 'J/ARALY SARASWATHY MAHA VID.', 'ARALY SOUTH VADDUKODDAI', 'Provincial', '1C', 121),
(9076, 'J/SILLALAI R.C.T.M. SCHOOL', 'SILLALAI, PANDATHERUPPU', 'Provincial', 'Type 2', 120),
(9078, 'J/VADDU THIRUNAVUKARASUMV', 'VADDU WEST VADDUKODDAI', 'Provincial', 'Type 3', 121),
(9086, 'J/CHANKANAI  EAST VIGNESWARA VID.', 'NITCHAMAM CHANKANAI', 'Provincial', 'Type 3', 120),
(9118, 'J/MAHAJANA COLLEGE', 'AMBANAI, THELLIPALAI', 'Provincial', '1AB', 122),
(9119, 'J/NADESWARA COLLEGE', 'KANKESANTHURAI', 'Provincial', 'Type 2', 122),
(9122, 'J/MALLAKAM MAHA VIDYALAYAM', 'KANKESANTHURAI ROAD, MALLAKAM', 'Provincial', '1C', 122),
(9129, 'J.PONPARAMANANTHAR M.V', 'KURUMBACIDDI, TELLIPALAI', 'Provincial', 'Type 3', 122),
(9166, 'J/MANIPAY HINDU COLLEGE', 'SANGARAPPILLAI ROAD MANIPAY', 'National', '1AB', 120),
(9167, 'J/RAMANATHAN COLLEGE', 'MARUTHANARMADAM, CHUNNAKAM', 'Provincial', '1AB', 123),
(9170, 'J/ERLALAI MAHA VIDYALAYAM', 'ERLALAI', 'Provincial', '1C', 123),
(9172, 'J/MYLANISIVA MAHA VIDYALAYAM', 'CHUNNAKAM', 'Provincial', 'Type 2', 123),
(9189, 'CHUNNAKAM NAGESWARY VIDYASALAI', 'CHUNNAKAM NAGESWARY VIDIYASALAI VEETHY', 'Provincial', 'Type 3', 123),
(9217, 'J/ATCHUVELY CENTRAL COLLEGE', 'ATCHUVELY', 'Provincial', '1AB', 124),
(9218, 'J/ATTIAR HINDU COLLEGE', 'POINT PEDRO ROAD, NEERVELY', 'Provincial', '1C', 124),
(9221, 'J/KOPAY MAHA VIDYALAYAM', 'KONDAVIL ROAD,KOPAY', 'Provincial', 'Type 2', 124),
(9235, 'J/ATCHELU METHODIST MISSION TAMIL MIXED SCHOO', 'ATCHELU NEERVELY', 'Provincial', 'Type 3', 124),
(9269, 'J/NELLIADY MMV', 'KARAVEDDY', 'National', '1AB', 127),
(9270, 'J/UDUPIDDY GIRLS COLLEGE', 'VALVETTITHURAI', 'Provincial', '1AB', 127),
(9271, 'CHITHAMBARA COLLEGE', 'VALVETTITURAI', 'Provincial', '1AB', 128),
(9274, 'J/GNANASARIYAR COLLEGE', 'KARAVEDDY', 'Provincial', '1C', 127),
(9275, 'J/VATHIRI SACRED HEART COLLEGE', 'KARAVEDDY', 'Provincial', 'Type 2', 127),
(9277, 'VALVAI MAHALIR VIDYALAYAM', 'VALVETTITURAI', 'Provincial', '1C', 128),
(9283, 'KAPPUTHU EHAMPARA VIDYALAYAM', 'KAPPUTHU KARAVEDDY', 'Provincial', 'Type 3', 127),
(9286, 'POLIKANDY HINDU TAMIL MIXED SCHOOL', 'VALVETTITURAI', 'Provincial', 'Type 2', 128),
(9298, 'KERUDAVIL HINDU TAMIL MIXED SCHOOL', 'THONDAIMANARU', 'Provincial', 'Type 3', 128),
(9310, 'J/CHEMPIANPATT GTMS', 'THALAIYADY', 'Provincial', 'Type 2', 129),
(9315, 'J/THALAIYADY RCTMS', 'THALAIYADY', 'Provincial', 'Type 3', 129),
(9318, 'J/AMPAN AMTMS', 'AMPAN ,KUDATHANAI', 'Provincial', '1C', 129),
(9352, 'DRIEBERG COLLEGE', 'KANDY ROAD,CHAVAKACHCHERI', 'Provincial', '1AB', 130),
(9353, 'CHAVAKACHCHERI HINDU COLLEGE', 'KANDY ROAD, CHAVAKACHCHERI', 'National', '1AB', 130),
(9355, 'CHANDRAPURA SKANDAVARODAYA MAHAVIDYALAYAM', 'MADDUVIL CENTRE CHAVAKACHCHERI', 'Provincial', '1C', 130),
(9363, 'ALLARAI G T M SCHOOL', 'MEESALAI', 'Provincial', 'Type 2', 130),
(9377, 'SARASALAI SRI GANESHA VIDYALAYAM', 'SARASALAI NORTH CHAVAKACHCHERI', 'Provincial', 'Type 3', 130),
(9415, 'J/CANAGARATNAM MADYA MAHA VIDYALAYAM', 'NAVALAR ROAD JAFFNA', 'Provincial', '1AB', 125),
(9416, 'JAFFNA HINDU COLLEGE', 'K.K.S ROAD , JAFFNA', 'National', '1AB', 125),
(9419, 'J/SENGUNTHA HINDU COLEGE', 'THIRUNELVELY EAST JAFFNA', 'Provincial', '1C', 125),
(9421, 'J/JAFFNA HINDU LADIES PRIMARY SCHOOL', 'ARASADY ROAD KANTHARMADAM JAFFNA', 'Provincial', 'Type 3', 125),
(9422, 'J/ARIYALAI SRIPARVATHY VIDYASALAI', 'JAFFNA', 'Provincial', 'Type 2', 125),
(9455, 'J/COLUMBUTHURAI HINDU MAHAVIDYALAYAM', 'COLUMBUTHURAI WEST COLUMBUTHURAI HINDU MAHAVIDYALA', 'Provincial', '1C', 126),
(9456, 'J/JAFFNA CENTRAL COLLEGE', 'J/JAFFNA CENTRAL COLLEGE, JAFFNA', 'National', '1AB', 126),
(9463, 'J/ST JAMES MAHA VIDYALAYAM', 'ST.JAMES ROAD GURUNAGAR,JAFFNA', 'Provincial', 'Type 2', 126),
(9464, 'J/VAIDYESHWARA COLLEGE', 'SIVAN NORTH VEETHY JAFFNA', 'Provincial', '1AB', 126),
(9475, 'J/ST.JOHN BOSCO''S VIDYALAYAM', 'RACCA ROAD, JAFFNA', 'Provincial', 'Type 3', 126),
(10001, 'KN/KILINOCHCHI CENTRAL COLLEGE', 'A9 ROAD,ANANTHAPURAM,KILINOCHCHI', 'National', '1AB', 131),
(10002, 'KN/KILINOCHCHI HINDU COLLEGE', 'JEYANTHINAGAR,KILINOCHCHI', 'Provincial', '1AB', 131),
(10005, 'KN/RAMANATHAPURAM M.V', 'RAMANATHAPURAM,KILINOCHCHI', 'Provincial', '1C', 131),
(10009, 'IRANAITIVU R.C.T.M.SCHOOL', 'IRANAIMATHANAGAR,POONAKARY', 'Provincial', 'Type 2', 132),
(10011, 'KN/MULANKAVIL MAHA VIDYALAYAM', 'VINAYAKAPURAM,MULANKAVIL,POONAKARY.', 'National', '1AB', 132),
(10013, 'KN/RAMANATHAPURAM WEST G.T.M.S', 'VADDAKACHCHI,KILINOCHCHI', 'Provincial', 'Type 2', 131),
(10014, 'KN/VERAVIL HINDU MAHAVIDYALAYAM', 'VERAVIL,POONAKARY.', 'Provincial', '1C', 132),
(10020, 'KN/CHEMPANKUNRU G.T.M.SCHOOL', 'CHEMPANKUNRU,POONAKARY.', 'Provincial', 'Type 3', 132),
(10029, 'KN/RAMANATHAPURAM EAST.G.T.M.SCHOOL', 'RAMANATHAPURAM', 'Provincial', 'Type 2', 133),
(10030, 'KN/SKANTHAPURAM NO-1 G.T.M.S', 'SKANTHAPURAN,KILINOCHCHI', 'Provincial', 'Type 3', 131),
(10037, 'KN/MURUGANANDA COLLEGE', 'MURASUMODDA,PARANTHAN', 'Provincial', '1AB', 133),
(10038, 'KN/PALLAI CENTRAL COLLEGE', 'A9ROAD,PALLAI.', 'Provincial', '1AB', 134),
(10039, 'KN/POONAKARY MAHA VIDYALAYAM.', 'KN/POONAKARY MAHA VIDYALAYAM,POONAKARY.', 'Provincial', '1AB', 132),
(10040, 'KN/PARANTHAN HINDU M.V', 'KUMARAPURAM,PARANTHAN', 'Provincial', '1C', 133),
(10041, 'KN/IYAKACHCHIGTMS', 'KANDY ROAD IYAKACHCHI', 'Provincial', 'Type 2', 134),
(10046, 'KN/ALIPALAI CCTMS', 'ALLIPALAI PALLAI', 'Provincial', 'Type 3', 134),
(10050, 'KN/ELEPHANT PASS G.S.T.M SCHOOL.', 'SIVAPURAM,PARANTHAN', 'Provincial', 'Type 3', 133),
(11001, 'MN/SITHYVINAYAKAR HINDU COLLEGE', 'UPPUKKULAM MANNAR', 'National', '1AB', 135),
(11004, 'MN/FATIMA MADYA MAHA VIDYALAYAM', 'PESALAI', 'Provincial', '1AB', 135),
(11005, 'MN/ST.ANNE''S M.M.V.', 'VANKALAI,MANNAR', 'Provincial', '1AB', 136),
(11006, 'ILAHADIPIDDY R.C.T.M.S', 'NANATTAN,MANNAR', 'Provincial', 'Type 2', 136),
(11007, 'UYILANKULAM R.C.T.M.S', 'UYILANKULAM,MANNAR', 'Provincial', '1C', 135),
(11008, 'MN/UYITHARASANKULAM R.C.T.M.S', 'UYITHARASANKULAM R.C.T.M MURUNKAN', 'Provincial', 'Type 2', 135),
(11013, 'OLAITHODUVAI R.C.T.M.S', 'PESALAI MANNAR', 'Provincial', 'Type 3', 135),
(11035, 'MUSALI M.M.V', 'MUSALI, CHILAWATHURAI.', 'National', '1AB', 137),
(11036, 'ARIPPU R.C.T.M.S', 'ARIPPU, CHILAWATHURAI', 'Provincial', '1C', 137),
(11038, 'MULLIKULAM R.C.T.M.S', 'MULLIKULAM,MARICHUKADDY', 'Provincial', 'Type 2', 137),
(11041, 'MARICHCHUKADDY G.M.M.S', 'MARICHCHUKADDY', 'Provincial', 'Type 3', 137),
(11045, 'PUTHUVELI GMMS', 'RASOOL PUTHUVELI,NANATTAN', 'Provincial', 'Type 3', 136),
(11046, 'MN/KAKAIYANKULAM MUS.VID', 'KAKAIYANKULAM,IRANAIILLUPAIKULAM,VAVUNIYA', 'Provincial', '1C', 138),
(11053, 'PARIKARIKANDAL G.T.M.S', 'PARIKARIKANDAL,MURUNKAN', 'Provincial', '1C', 136),
(11055, 'MN/PERIYA MURIPPU G.T.M.S', 'PERIYA KUNCHUKULAM,MADHU ROAD,MANNAR', 'Provincial', 'Type 3', 138),
(11066, 'MN/IRANAI ILUPPAIK KULAM G.T.M.S', 'IRANAI ILUPPAIKULAM, VAVUNIYA.', 'Provincial', 'Type 2', 138),
(11069, 'MN/ADAMPAN MMV', 'ADAMPAN', 'Provincial', '1AB', 139),
(11070, 'MN/ALIGAR MV', 'VIDATHTHALTIVU,MANNAR', 'Provincial', 'Type 3', 139),
(11071, 'MN/PERIYAMADHU MAHA VIDYALAYAM', 'PERIYAMADHU, MANNAR', 'Provincial', '1C', 139),
(11073, 'MN/PERIYAPANDIVIRICHCHAN M.V', 'PERIYAPANDIVIRICHCHAN, MADHUKKOVIL', 'Provincial', '1AB', 138),
(11079, 'MN/PARAPPANKANDAL R.C.T.M.S', 'PARAPPANKANDAL, UYILANKULAM, MANNAR', 'Provincial', 'Type 2', 139),
(12001, 'MU/MULLAITIVU MAHA VIDYALAYAM', 'KARACHCHIKKUDIYIRUPPU, MULLAITIVU', 'Provincial', '1AB', 145),
(12002, 'MU/PUTHUKKUDIYIRUPPU CENTRAL COLLEGE', 'PUTHUKKUDIYIRUPPU', 'Provincial', '1AB', 146),
(12003, 'MU/VIDYANANDACOLLEGE', 'MULLIYAWALAI', 'National', '1AB', 145),
(12004, 'MU/THANNEERUTTU MUSLIM M.V', 'NEERAVIPPIDDY, MULLIYAWALAI', 'Provincial', 'Type 2', 145),
(12005, 'MU/CHEMMALAIMAHA VIDYALAYAM', 'CHEMMALAI,ALAMPIL', 'Provincial', '1C', 145),
(12009, 'MU/PUTHUKUDIYIRUPPU R.C.VIDYALAYAM', 'PUTHUKUDIYIRUPPU, MULLAITIVU', 'Provincial', 'Type 2', 146);
INSERT INTO `school` (`School_ID`, `School_Name`, `School_Address`, `School_Type`, `School_Grade`, `Division_ID`) VALUES
(12012, 'MU/MULLAITIVU MUSLIM VID', 'VANNANKULAM,MULLAITIVU', 'Provincial', 'Type 3', 145),
(12013, 'ALAIKALUPPODDAKULAM GTMS', 'NEDUNKENI', 'Provincial', 'Type 3', 147),
(12015, 'MU/IRANAIPPALAI R.C.M.V', 'IRANAIPPALAI,MU/PUTHUKKUDIYIRUPPU', 'Provincial', '1C', 146),
(12026, 'MU/SRISUBRAMANIA VIDYASALAI', 'PUTHUKUDIYIRUPPU', 'Provincial', 'Type 3', 146),
(12030, 'THANDUVAN GTMS', 'NEDUNKERNY', 'Provincial', 'Type 2', 147),
(12046, 'ODDUSUDDAN M.V', 'ODDUSUDDAN', 'Provincial', '1AB', 147),
(12048, 'MALLAVI CENTRAL COLLEGE', 'YOGAPURAM', 'National', '1AB', 146),
(12049, 'YOGAPURAM MV', 'YOGAPURAM', 'Provincial', '1AB', 146),
(12050, 'NADDANKANDAL GTMS', 'NADDANKANDAL', 'Provincial', 'Type 2', 149),
(12051, 'PANDIYANKULAM MAHA VIDYALAYAM', 'NADDANKANDAL', 'Provincial', '1AB', 149),
(12052, 'PALINAGAR MAHA VIDYALAYAM', 'VAVUNIKKULAM', 'Provincial', '1C', 149),
(12055, 'KATCHILAIMADU GTMS', 'ODDUSUDDAN', 'Provincial', '1C', 147),
(12057, 'KOLLAVILANKULAM G.T.M.S', 'VAVUNIKKULAM', 'Provincial', 'Type 3', 149),
(12073, 'KALVILANKULAM GTMS', 'THUNUKKAI', 'Provincial', 'Type 2', 146),
(12074, 'ALANGULAM GTMS', 'THUNUKKAI', 'Provincial', 'Type 3', 146),
(12104, 'IYANKANKULAM GTMS', 'PUTHTHUVEDDUVAN', 'Provincial', '1C', 146),
(12171, 'V/VARUDAYAR ILUPPAKKULAM.', 'PALAMODAI.', 'Provincial', 'Type 3', 140),
(13001, 'RAMBAIKULAM GIRLS MAHA VIDIYALAYAM', 'RAMBAIKULAM, VAVUNIYA', 'National', '1AB', 142),
(13003, 'V/ OMANTHAI CENTRAL COLLEGE', 'A9 ROAD OMANTHAI', 'Provincial', '1AB', 140),
(13005, 'V\\VAVUNIYA HINDU COLLEGE', 'KOVILPUTHUKULAM VAVUNIYA', 'Provincial', '1C', 142),
(13007, 'VIPULANANTHA COLLEGE', 'PANDARIKULAM VAVUNIYA', 'Provincial', '1AB', 142),
(13010, 'PIRAMANDU VIDYALAYAM', 'THANDIKULAM,VAVUNIYA', 'Provincial', 'Type 2', 142),
(13014, 'V/CHEMAMADU SANMUGANANTHA M.V', 'CHEMAMADU', 'Provincial', '1C', 140),
(13015, 'V/NOCHCHIMODAI J S V', 'OMANTHAI, VAVUNIYA', 'Provincial', 'Type 2', 140),
(13016, 'ASIKULAM G.T.M.S', 'ASIKULAM VAVUNIYA', 'Provincial', 'Type 3', 142),
(13037, 'V/KANAGARAYANKULAM MAHA VIDYALAYAM', 'KANAGARAYANKULAM, VAVUNIYA', 'Provincial', '1C', 141),
(13041, 'V/KULAVIDUDDAN G.T.M.S SCHOOL', 'KULAVISUDDAN NEDUNKENY', 'Provincial', 'Type 2', 141),
(13051, 'V/MANNAKULAM G T M S', ' MANNAKULAM,MANKULAM', 'Provincial', 'Type 3', 141),
(13072, 'CHEDDIKULAM MAHA VIDYALAM', 'CHEDDIKULAM MAHA VIDYALAYAM', 'Provincial', '1AB', 143),
(13073, 'PAVATKULAM GANESWARA MAHAVIDYALAYAM', 'UNIT 4, VAARIKUDDIYOOR, VAVUNIYA', 'Provincial', '1C', 143),
(13075, 'PAVATKULAM MAHA MAKA VIDYALAYAM', 'PAVATKULAM,VAVUNIYA', 'Provincial', 'Type 3', 143),
(13077, 'PERIYATHAMBANAI M.V', 'PERIYATHAMBANAI VAVUNIYA', 'Provincial', 'Type 2', 143),
(13109, 'SIRISUMANA M.V', 'PERIYA ULUKKULAM, VAVUNIYA', 'Provincial', '1C', 144),
(13110, 'GAMIMI MAHA VIDYALAYA', 'MANNAR ROAD , VAVUNIA', 'Provincial', 'Type 2', 144),
(13111, 'MADUKANDA NATIONAL SCHOOL', 'MADUKANADA, VAVUNIYA', 'National', '1AB', 144),
(13116, 'V/MAHAKACHCHAKODIYA G.S.M SCHOOL', 'MAHAKACHCHAKODIY,VAVUNIYA', 'Provincial', 'Type 3', 144),
(14001, 'BT/KK/KATHIRAVELY VIGNESWARA VIDYALAYAM', 'KATHIRAVELY', 'Provincial', '1C', 150),
(14003, 'BT/KK/KADDUMURIVUKKULAM GTMS', 'KADDUMURIVU KATHIRAVELI', 'Provincial', 'Type 2', 150),
(14005, 'BT/KK/KANDALADY ARUNTHATHY.V', 'VAKARAI', 'Provincial', 'Type 3', 150),
(14014, 'BT/BC/MEERAVODAI AMEER ALI VID', 'MAIN ROAD, MEERAVOADI', 'Provincial', 'Type 3', 153),
(14015, 'VAKANERY KOKULAM VIDYALAYAM', 'VAKANERY KOKULAM VIDYALAYAM,VAKANERY', 'Provincial', 'Type 2', 151),
(14016, 'BT/BC/KAWATHAMUNAI AL.AMEEN VID', 'KAWATHAMUNAI AL.AMEEN VID', 'Provincial', '1C', 153),
(14017, 'BT/BC/THIYAVATTAVAN ARAFA VID', 'VAHANERY', 'Provincial', 'Type 2', 153),
(14018, 'BT/BC/ODDAMAVADY CENTRAL COLLEGE (N.S)', 'ODDAMAVADY', 'National', '1AB', 153),
(14020, 'BT/BC/MEERAVODAI AL-HIDAYA MAHA VID', 'SCHOOL ROAD, MEERAVODA - P.C.30426', 'Provincial', '1AB', 153),
(14025, 'BT//KK/MERAVODAI G.T.M.S', 'MERAVODAI TAMIL, VALAICHENAI', 'Provincial', 'Type 3', 151),
(14029, 'BT/KK/KARUWAKERNY VIGNESWARA VIDYALAYAM', 'KARUWAKERNY', 'Provincial', '1C', 151),
(14031, 'BT/KK/VALAICHENAI HINDU COLLEGE', 'VALAICHENAI', 'Provincial', '1AB', 151),
(14045, 'BT/KK/VANTHARUMOOLAI MATHIYA MAHA VIDYALAYAM', 'SITTANDY', 'Provincial', '1AB', 152),
(14046, 'BT/KK/SITTANDY SITHTHY VINAYAGAR VIDYALAYAM', 'VIPULANANDAR ROAD,SITTANDY 01', 'Provincial', 'Type 3', 152),
(14048, 'BT/KK/ERALAKKULAM GOVERMENT TAMIL MIXD SCHOOL', 'ERALAKKULAM-SITTANDY', 'Provincial', 'Type 2', 152),
(14050, 'BT/KK/VANTHARUMOOLAI VISHNU MAHA VID', 'VANTHARUMOOLAI', 'Provincial', '1C', 152),
(14056, 'BT/BW/KODUWAMADU SAKTHY VIDYALAYAM', 'KODUWAMADU PANKUDAVELY', 'Provincial', 'Type 3', 152),
(14057, 'BT/BW/ILUPPADICHENAI AMBAL VIDYALAYAM', 'PANKUDAHVELY', 'Provincial', 'Type 2', 152),
(14060, 'ERAVUR TAMIL MAHA VIDYALAYAM', 'CHENKALADY', 'Provincial', '1C', 154),
(14061, 'BT/ERAVUR VIPULANANDA VIDYALAYAM', 'ERAVUR - 05, CHENKALADY', 'Provincial', 'Type 2', 154),
(14062, 'BT/BW/KARADIYANARU MAHAVIDYALAYAM', 'KARADIYANARU', 'Provincial', '1C', 152),
(14063, 'BT/BW/MARAPPALAMG.T.M.S', 'KARADIANARU', 'Provincial', 'Type 3', 157),
(14065, 'BT/BC/RUGAM AL-AMAN VID', 'SATHAM HUSSAIN VILLAGE, MEERAKERNY, ERAVUR', 'Provincial', 'Type 3', 154),
(14069, 'BT/BW/PERIYAPULLUMALAI R.C.T.M.S', 'BADULLA ROAD, PERIYAPULLUMALAI', 'Provincial', 'Type 2', 157),
(14070, 'BT/BW/MAHILAVADDAWAN MAHA VIDYALAYAM', 'AYITHIYAMALAI,CHENKALADY', 'Provincial', '1C', 157),
(14072, 'NELLIKKADU G.T.M.S', 'AITHIYAMALAI,BATTICALOA', 'Provincial', 'Type 3', 158),
(14076, 'UNNICHCHAI 8TH MILE POST G.T.M.S', 'UNNICHCHAI', 'Provincial', 'Type 2', 158),
(14081, 'BT/BC/ALIGHAR CENTRAL COLLEGE, N/S', 'ERAVUR', 'National', '1AB', 154),
(14086, ' BT/THALAWAI VICKNESWARA VIDIYALAYAM', 'PUNNAKUDAH ROAD, THALAWAI, CHENKALADY', 'Provincial', 'Type 2', 159),
(14090, 'BT/BC/RAHUMANIYA MAHA VID', 'LADIES SCHOOL ROAD, ERAVUR-01', 'Provincial', '1AB', 154),
(14093, 'BT/MYLAMBAVALY SRIVIGNESWARA VIDYALAYAM', 'MYLAMBAVELY THANNAMUNAI', 'Provincial', '1C', 159),
(14095, 'BT/PULIYADIMUNAI.G.T.M.SCHOOL', 'SATHURUKKONDAN, BATTICALOA', 'Provincial', 'Type 2', 160),
(14098, 'BT/BT/NAVATKERNEY SRI KANNAHI  VIDYALAYA.', 'BATTICALOA', 'Provincial', 'Type 3', 160),
(14100, 'BT/AMIRTHAKALI SRISITHY VINAYAKAR M.V', 'AMIRTHAKALI, BATTICALOA.', 'Provincial', '1C', 160),
(14106, 'BT/HINDU COLLEGE (BT/KODDAIMUNAI M.V)', 'STATION ROAD BATTICALOA', 'Provincial', '1AB', 160),
(14115, 'BT/VINCENT GIRLS'' HIGH SCHOOL', 'CHAPAL STREET, BATTICALOA', 'National', '1AB', 160),
(14130, 'BT/BC/AL-IQBAL VIDYALAYA', 'RIZVI TOWN, NEW KATTANKUDY', 'Provincial', 'Type 3', 155),
(14135, 'BT/BC/POONOCHCHIMUNAI IQRAH VIDYALYA', 'POONOCHCHIMUNAI, BATTICALOA', 'Provincial', 'Type 2', 155),
(14137, 'BT/BC/AN-NASSAR VIDYALAYA', 'MAIN STREET, KATTANKUDY', 'Provincial', '1C', 155),
(14145, 'BT/BC/KATTANKUDY CENTRAL COLLEGE', '322,BEACH ROAD,NEW KATTANKODY-06', 'National', '1AB', 155),
(14148, 'BT/BT/ARAIPATTAI SUBRAMANIYAM VIDYALAYAM', 'ARAIYAMPATHY', 'Provincial', 'Type 3', 161),
(14149, 'BT/BT/ARAIPATTAI NOTARRIS MOOTHATHAMBY VIDYAL', 'ARAIYAMPATHY', 'Provincial', 'Type 2', 161),
(14150, 'BT/ARAYAMPATHY R.K.M.MAHA VID.', 'ARAYAMPATHY (30150)', 'Provincial', '1C', 161),
(14151, 'BT/BT/ARAIYAMPATHY MAHA VIDYALAYAM', 'ARAIYAMPATHY', 'Provincial', '1AB', 161),
(14161, 'BT/BW/KANNANKUDAH MAHA VIDYALAYAM', 'KANNANKUDAH BATTICALOA', 'Provincial', '1AB', 158),
(14175, 'KURUKKALMADAM KALAIVANI M.V', 'KURUKKALMADAM-30192', 'Provincial', '1C', 162),
(14179, 'THETTATHIVU SIVAKALAI VIDYALAYAM', 'BEACH ROAD THETTATHIVU-02', 'Provincial', 'Type 2', 162),
(14180, 'KALUTHAWALAI MAHA VIDYALAYAM', 'KALUTHAVALAI', 'Provincial', '1AB', 162),
(14182, 'KALUTHAVALAI KANESHA VIDYALAYAM.', 'KALUTHAVALAI.', 'Provincial', 'Type 3', 162),
(14185, 'PADDIRUPPU MATHYA MAHA VIDDIYALAYAM(NATIONALS', 'KALUWANCHIKUDY', 'National', '1AB', 162),
(14204, 'VELLAVELY KALAIMAGAL MAHA VIDYALAYAM.', 'VELLAVELY', 'Provincial', '1C', 163),
(14205, 'THIRUKKONRAIMUNMARI.G.T.M.SCHOOL.', 'VIVEKANANTHAPURAM, VELLAVELY.', 'Provincial', 'Type 3', 163),
(14206, 'SINNAWATTAI G.T.M..S', 'BAKKIYALLA', 'Provincial', 'Type 2', 163),
(14237, 'BT/BW/MUTHALAIKUDAH MAHA VIDYALAYAM', 'KOKKADDICHOLAI', 'Provincial', '1AB', 157),
(14259, 'BT/SAVUKKADY BHARATHY VID', 'SAVUKKADY, THANNAMUNAI', 'Provincial', 'Type 3', 159),
(15001, 'KEPPETIPOLA NAVODYA VIDYALAYA.', 'MAHAOYA.', 'Provincial', '1AB', 164),
(15002, 'PADIYATHALAWA NATIONAL SCHOOL', 'PADIYATALAWA', 'National', '1AB', 165),
(15003, 'TEMPITIYA MAHA VIDYALAYA.', 'TEMPITIYA,MAHAOYA.', 'Provincial', 'Type 2', 164),
(15004, 'SERANKADA VIDYALAYA', 'SERANKADA,PADIYATHALAWA.', 'Provincial', '1C', 165),
(15006, 'GALODE VIDYALAYA.', 'GALODAYA,PADIYATHALAWA.', 'Provincial', 'Type 2', 165),
(15012, 'KUDAHARASGALA VIDYALAYA.', 'KEKIRIHENA,MAHAOYA.', 'Provincial', '1C', 164),
(15018, 'MAHINDA RAJAPAKSHA VIDYALAYA.', 'ARANTHALAWA,MANGALAGAMA,MAHAOYA.', 'Provincial', 'Type 3', 164),
(15021, 'DEMODARA VIDYALAYA.', 'SARANAGAMA,PADIYATHALAWA.', 'Provincial', 'Type 3', 165),
(15033, 'RAJAGALATHENNA M.V.', 'RAJAGALATHENNA', 'Provincial', '1C', 166),
(15037, 'UHANA M.V.', 'UHANA', 'Provincial', '1AB', 166),
(15039, 'VIJAYAPURA V.', 'VIJAYAPURA, DADAYAMTHALAWA', 'Provincial', 'Type 2', 166),
(15051, 'WEHERAGALA V.', 'WEHERAGAMA, CENTRAL CAMP', 'Provincial', 'Type 3', 166),
(15066, 'WEWSIRIGAMA V.', 'PADAGODA, PAHALALANDA', 'Provincial', 'Type 3', 167),
(15067, 'D.S. SENANAYAKE M.M.V.', 'AMPARA', 'National', '1AB', 168),
(15068, 'DAMANA M.V.', 'DAMANA', 'Provincial', '1C', 167),
(15069, 'SADDHATHISSA M.V.', 'AMPARA', 'Provincial', '1C', 168),
(15072, 'UKSIRIPURA V.', 'MUWANGALA, HINGURANA', 'Provincial', 'Type 2', 167),
(15075, 'NAMALOYA V.', 'NAMALOYA, AMPARA', 'Provincial', 'Type 2', 168),
(15080, 'BANDARANAYAKE BALIKA M.V.', 'AMPARA', 'Provincial', '1AB', 168),
(15089, 'PARACKRAMA V.', 'AMPARA', 'Provincial', 'Type 3', 168),
(15112, 'PANAMA M.V.', 'PANAMA', 'Provincial', '1AB', 169),
(15113, 'LAHUGALA M.V.', 'LAHUGALA', 'Provincial', '1C', 169),
(15114, 'SRI DHAMMARATHANA SINHALA V.', 'AKKARAPATHTHU', 'Provincial', 'Type 2', 169),
(15119, 'PARANAGOVIPOLA V.', 'PARANAGOVIPOLA, LAHUGALA', 'Provincial', 'Type 3', 169),
(15120, 'MEDAGAMA M.V.', 'NAWAMEDAGAMA, MAHAWELI SYSTEM "C"', 'Provincial', '1AB', 170),
(15121, 'IHALAGAMA V.', 'NAWAMEDAGAMA', 'Provincial', 'Type 2', 170),
(15122, 'SANDAMADULLA M.V.', 'DAMANEWELA', 'Provincial', '1C', 170),
(15132, 'NAGASTHALAWA P.V.', 'DAMANEWELA', 'Provincial', 'Type 3', 170),
(15149, 'RANKETHGAMA P.V', 'RANKETHGAMA,SIRIPURA', 'Provincial', 'Type 3', 250),
(15151, 'SIRIPURA M.M.V', 'SIRIPURA', 'Provincial', '1AB', 250),
(15152, 'DEHIATTAKANDIYA M.M.V.', 'DEHIATTAKANDIYA', 'National', '1AB', 170),
(15155, 'NAWAPALLEGAMA K.V', 'PALLEGAMA,SIRIPURA', 'Provincial', 'Type 2', 250),
(15160, 'NUWARAGALA M.V', 'NUWARAGALA', 'Provincial', '1C', 250),
(15161, 'KM/ST/MUSLIM MADYA M.V.', 'SAMMANTHURAI', 'National', '1AB', 171),
(15162, 'KM/ST/AS-SIRAJ M.V', 'CHALAMBAIKERNY, CENTRAL CAMP', 'Provincial', '1C', 172),
(15163, 'KM/STR/AL-AQSHA VIDYALAYA', 'MALKAMPITTY ROAD,NAINAKADU,SAMMANTHURAI', 'Provincial', 'Type 2', 171),
(15165, 'KM/ST/MALLIKAITHIVU G.T.M.S.', 'MALWATTAI', 'Provincial', 'Type 3', 171),
(15166, 'KM/ST/AL-THAJUN VID', 'UNIT-6, SAMMANTHURAI', 'Provincial', 'Type 3', 172),
(15169, 'KM/ST/AL -MARJAN MUSLIM LADIES COLLEGE', 'AMPARA ROAD, SAMMANTHURAI', 'Provincial', '1AB', 171),
(15172, 'KM/SR/SRI KORAKKAR TAMIL MAHA VID', 'MAD THARAVAI-02,SAMMANTHURAI', 'Provincial', '1C', 171),
(15175, 'KM/STR/GANESHA VIDIYALAYAM', '7TH VILLAGE CHAVELAKKADAI', 'Provincial', 'Type 2', 172),
(15200, 'ZAHIRA COLLEGE', 'ZAHIRA COLLEGE ROAD, SAINTHAMARUTHU', 'National', '1AB', 174),
(15201, 'WESLEY HIGH SCHOOL', 'KALMUNAI', 'Provincial', '1AB', 175),
(15202, 'CARMEL FATIMA COLLEGE N.S', 'CARMEL FATIMA COLLGE , KALMUNAI', 'National', '1AB', 175),
(15203, 'KM/KM/MAHMUD LADIES COLLEGE', 'KM/KM/MAHMUD LADIES COLLEGE KALMUNAI', 'Provincial', '1AB', 176),
(15206, 'PANDIRUPPU MAHA VIDYALAYAM', 'MAIN STREET, PANDIRUPPU -1, KALMUNAI', 'Provincial', '1C', 175),
(15207, 'AL AKSHA MAHA VIDYALAYA', 'NATPIDDIMUNAI, KALMUNAI', 'Provincial', '1C', 176),
(15210, 'PULAVERMANI HARIFUDEEN VIDYALAYA', 'PERIYANEELAVANAI', 'Provincial', 'Type 2', 176),
(15212, 'AL-MINAN VIDYALAYA', 'CHETTIYAR ROAD,PANDIRUPPU-01', 'Provincial', 'Type 3', 176),
(15213, 'PANDIRUPU NAVALAR VIDYALAYA', 'PANDIRUPU 01, KALMUNAI', 'Provincial', 'Type 2', 175),
(15217, 'VIVEKANANDA TAMIL VIDYALAYA', 'KALMUNAI', 'Provincial', 'Type 3', 175),
(15222, 'AL-JALAL VIDYALAYA', 'MAWADY ROAD, SAINTHAMARUTHU', 'Provincial', 'Type 2', 174),
(15223, 'AL-KAMAROON VIDYALAYA', 'MAIN STREET SAINTHAMARUTHU', 'Provincial', 'Type 3', 174),
(15226, 'KM/KM /MALHARS SHAMS MAHA VIDYALAYA', 'MAIN STREET SAINTHMARUTHU', 'Provincial', '1C', 174),
(15231, 'KM/AK/AKKARAIPATTU MUSLIM CENTRAL COLLEGE(N/S', 'AKKARAIPATTU', 'National', '1AB', 179),
(15232, 'KM/AK/AYESHA BALIKA MAHA VIDYALAYA', 'AKKARAIPATTU', 'Provincial', '1AB', 179),
(15233, 'KM/ST/ASHRAF CENTRAL COLLEGE', 'PC NO. : 32450, IRAKKAMAM', 'Provincial', '1AB', 173),
(15234, 'KM/AK/FAYIZA MAHA VID.', 'AKKARAIPATTU', 'Provincial', '1C', 179),
(15235, 'KM/ST/VARIPATHANCHENAI AL-AMEEN MAHA VIDYALAY', 'IRAKKMAM', 'Provincial', '1C', 173),
(15236, 'KM/AK/MUNAWWARA JUNIOR COLLEGE', 'AKKARAIPATTU', 'Provincial', 'Type 2', 179),
(15239, 'KM/AK/HIJRA VID.', 'FLOOD PROTECTION ROAD, AKKARAIPATTU', 'Provincial', 'Type 3', 179),
(15242, 'KM/AK/KARADIKULAM RAHUMANIYA VID', 'ALAMKULAM,ADDALAICHENAI-17', 'Provincial', 'Type 2', 180),
(15243, 'KM/ST/ILLUKKUCHCHENAIG.M.M.S.', 'IRAKKAMAM02', 'Provincial', 'Type 2', 173),
(15245, 'KM/ST/KUDIVIL AL-HIRAVIDYALAYAM', 'KUDIVIL,IRAKKAMAM -07', 'Provincial', 'Type 3', 173),
(15248, 'KM/AK/ADDALAICHENAI MMV(N/S)', 'MAIN STREET, ADDALAICHENAI', 'National', '1AB', 180),
(15249, 'KM/AK/AL MUNEERA GIRLS HIGH SCHOOL', 'ADDALAICHENAI', 'Provincial', '1AB', 180),
(15252, 'KM/AK/AN-NOOR MAHA VIDYALAYA', 'ADDALAICHENAI - 08', 'Provincial', '1C', 180),
(15254, 'KM/AK/DR.JALALDEEN VIDYALAYA(MEENODAIKADDU GM', 'MAIN STREET,MEENODAI KADDU,ADDALAICHENAI', 'Provincial', 'Type 3', 180),
(15264, 'VIPULANANDA CENTRAL COLLEGE', 'KARAITIVU', 'Provincial', '1AB', 177),
(15265, 'AL ASHRAQ MMV NATIONAL SCHOOL', 'MAIN STREET NINTAVUR', 'National', '1AB', 178),
(15268, 'AL-MAZHAR GIRLS HIGH SCHOOL', 'NINTAVUR', 'Provincial', '1C', 178),
(15269, 'SHANMUGA MAHA VIDYALAM', 'KARAITIVU-11', 'Provincial', '1C', 177),
(15270, 'RAMAKRISHNA MISSION GIRLS VIDYALAYAM', 'KARAITIVU', 'Provincial', 'Type 2', 177),
(15271, 'R.K.M. BOY''S VIDYALAYAM', 'R.K.M. ROAD, KARAITIVU-01(EP)', 'Provincial', 'Type 3', 177),
(15272, 'AS SAFA VIDYALAYA', '142, 1ST CROSS ROAD, NINTAVUR', 'Provincial', 'Type 3', 178),
(15279, 'IMAM GAZZALY VIDYALAYA. NINTAVUR', 'NINTAVUR 11', 'Provincial', 'Type 2', 178),
(15286, 'KA/TK/THIRAIKENY GTM SCHOOL', 'THIRAIKENY, PALAMUNAI', 'Provincial', 'Type 2', 182),
(15290, 'KM/TK/SRI RAMAKRISHNA COLLEGE', 'AKKARAIPATTU', 'National', '1AB', 182),
(15291, 'KM/TK/THAMBILUVIL MADHYA MAHA VIDYALAYAM', 'MAIN STREET, THAMBILUVIL-02', 'Provincial', '1AB', 183),
(15292, 'KM/AK/POTTUVIL CENTRAL COLLEGE', 'POTTUVIL', 'Provincial', '1AB', 181),
(15293, 'KM/TK/KOLAVIL VINAYAGAR MAHA VIDYALAYAM', 'KOLAVIL,AKKARAIPATTU.', 'Provincial', '1C', 182),
(15294, 'KM/TK/KOMARI METHODIST MISSION TAMIL MAHAVIDY', 'PANAMAIPATTU, KOMARI', 'Provincial', '1C', 184),
(15297, 'KM/AK/AL-ISHRAQ VIDYALAYA', 'PASARADICHENAI,POTTUVIL', 'Provincial', '1C', 181),
(15306, 'KM/TK/THIRUKKOVIL KUMARA VID', 'COURT ROAD,THIRUKKOVIL', 'Provincial', 'Type 3', 183),
(15307, 'KM/TK/THIRUKKOVIL METHODIST MISSION TAMIL M.V', 'BEACH ROAD, THIRUKKOVIL.', 'Provincial', '1C', 183),
(15311, 'KM/TK/SEMMANPULAI GANESHA VID.', 'THAMPADDAI-02, THAMBILUVIL', 'Provincial', 'Type 3', 182),
(15313, 'KM/TK/THAMBILUVIL SARASWATHY VIDYALAYAM', 'MAIN ROAD, THAMBILUVIL.', 'Provincial', 'Type 2', 183),
(15317, 'PANAMAI GTMS', 'PANAMAI, VADDKIRA, POTTUVIL.', 'Provincial', 'Type 2', 184),
(15318, 'KM/TK/INSPECTOR EATHAM G.T.M.SCHOOL.', 'INSPECTOR EATHAN POTTUVIL.', 'Provincial', 'Type 3', 184),
(15319, 'KM/AK/POTT.MINARUL ULOOM VIDYALAYA', 'VANNIYANAR ROAD,POTTUVIL-01', 'Provincial', 'Type 3', 181),
(15326, 'KM/AK/AL-DHARUL FALAH MUSLIM VIDYALAYA', 'FALAH STREET MATHUREN CHENAI, POTTUVIL', 'Provincial', 'Type 2', 181),
(15357, 'WEHERAGALA M.V', 'RUHUNUGAMA,ARALAGANVILA', 'Provincial', '1C', 251),
(15359, 'KAJUWATHTHA K.V.', 'RUHUNUGAMA ARALAGANVILA', 'Provincial', 'Type 3', 251),
(15365, 'KEKULUWELA M.V', 'KEKULUWELA,DEHIATHTHAKANDIYA', 'Provincial', 'Type 2', 251),
(15376, 'KM/TK/RAMAKRISHNA MISSION MAHA VIDYALAYAM', 'R.K.M. ROAD,AKKARAIPATTU.', 'Provincial', '1AB', 182),
(16001, 'PADAVI PALUGAHAWANGUWA M.V', 'PADAVI SRIPURA', 'Provincial', '1AB', 185),
(16002, 'PADAVI SRIPURA V.', 'PADAVI SRIPURA', 'Provincial', 'Type 3', 185),
(16004, 'PADAVITRAK 10 TISSA V.', 'PADAVI SRITISSAPURA', 'Provincial', 'Type 2', 185),
(16005, 'PADAVI TRAK 11-12M.V.', 'PADAVI SRI  THISSAPURA', 'Provincial', '1C', 185),
(16011, 'SAGARAPURA SINHALA V.', 'SAGARAPURA KUCHCHAWELI TRINCOMALEE', 'Provincial', 'Type 3', 188),
(16012, 'PULMODDAI MUS.M.V.', 'PULMODDAI 50567', 'Provincial', '1C', 188),
(16015, 'PUDAVAIKKATTU MUS.M.V', 'PUDAVAIKKATTU THIRIYAI', 'Provincial', 'Type 2', 188),
(16019, 'GOMARANKADAWALA M.V.', 'GOMARANKADAWALA-TRINKOMALEE', 'Provincial', '1C', 186),
(16020, 'T/TN PABURUGASWEWA V', 'GOMARANKADAWALA', 'Provincial', 'Type 2', 186),
(16024, 'T/TN/KANDAMALAWA V', 'KANDAMALAWA/GOMARANKADAWALA', 'Provincial', 'Type 3', 186),
(16028, 'MORAWEWA NORTH SINHALA V.', 'D-8,MORAWEWA NORTH,PANKULAMA', 'Provincial', 'Type 3', 187),
(16029, 'MORAWEWA SOUTH SINHALA V.', 'WORAWEWA,PANKULAMA', 'Provincial', 'Type 2', 187),
(16031, 'MAHADIVULWEWA M.V.', '1 STAGE,MAHADIVULWEWA', 'Provincial', '1C', 187),
(16051, 'ATHIMODDAI TAMIL VIDYALAYAM', 'SAMPALTHIVU, TRINCOMALEE.', 'Provincial', 'Type 2', 189),
(16052, 'SAMPALTHIVU TAMIL VIDYALAYAM', 'SAMPALTHIVU, TRINCOMALEE', 'Provincial', '1C', 189),
(16054, 'SRI SHANMUGA HINDU LADIES'' C.', 'VIDYALAYAM ROAD TRINCOMALEE', 'National', '1AB', 189),
(16058, 'ORR''S HILL VIVEKANANDA COLLEGE', 'CENTRAL ROAD,ORR''S HILL,TRINCOMALEE', 'Provincial', '1AB', 189),
(16059, 'RAJAKEEYA VIDYALOGA V.', 'NORTH COST ROAD,TRINCOMALEE', 'National', '1C', 189),
(16063, 'SRI SIDDARTHA VIDYALAYA', 'NACHCHIKUDA CHINABAY', 'Provincial', 'Type 3', 189),
(16087, 'MUTHUNAGAR G.M.M.S', 'MUTHUNAGAR, THAMPALAGAMAM', 'Provincial', 'Type 2', 190),
(16089, 'T/KIN/DHARUS SALAM VIDYALAM', 'MULLIPOTHANA', 'Provincial', 'Type 2', 185),
(16092, 'T/KIN/AL HIJRA MAHA VIDYALAM', 'MULLLIPOTHANA', 'Provincial', '1AB', 185),
(16094, 'T/KAN/SALIYAPURA VIDYALAYA', 'MOLLIPOTHANA, KANTALE', 'Provincial', 'Type 2', 193),
(16095, 'T/KAN/MOLLIPOTHANA SINHALA MAHA VIDYALAYA', 'KANTALE', 'Provincial', '1C', 193),
(16097, 'T/KAN/GEMUNUPURA VIJITHA VIDYALAYA', 'SIRAJ NAGAR, KANTALE', 'Provincial', 'Type 3', 193),
(16099, 'T/KIN/SIRAJ MUSLIM VIDYALAM', 'SIRAJ NAGAR MULLIPOTHANA', 'Provincial', '1C', 185),
(16101, 'SIVASAKTHI G.T.M.S.', '98TH WEST COLONY,THAMPALAKAMAM', 'Provincial', 'Type 3', 190),
(16106, 'AAIKONESWARA MAHA VIDYALAYAM', 'KOVILAD, THAMPALAKAMAM', 'Provincial', '1C', 190),
(16115, 'T/KAN/GANTHALAWA MAHA VIDYALAYA', 'MOLLIPOTHANA, KANTALE', 'Provincial', '1AB', 193),
(16121, 'T/KAN/AGRABODHI NATIONAL SCHOOL', 'KANTALE', 'National', '1AB', 193),
(16126, 'T/KAN/MAHAWELIGAMA MAHA VIDYALAYA', 'SERUNUWARA', 'Provincial', '1C', 194),
(16127, 'T/KAN/NEELAPOLA VIDYALAYA', 'NEELAPOLA, SERUWILA', 'Provincial', 'Type 2', 194),
(16132, 'T/KAN/GAMINI PRIMARY VIDYALAYA', 'SIRIMANGALAPURA, SERUWILA', 'Provincial', 'Type 3', 194),
(16134, 'LINGAPURAM SARASWATHY VID GTMS', 'LINGAPURAM, KILLIVEDY', 'Provincial', 'Type 2', 195),
(16139, 'T/MU/PADDITHIDAL MAHAVIDYALAM', 'PADDITHIDAL THOPPUR', 'Provincial', '1C', 195),
(16141, 'MENGAMAM G.T.M.S.', 'MANGAMAM,KILIVEDDY,MUTUR', 'Provincial', 'Type 3', 195),
(16146, 'T/MU/AL-THAJ MAHA VIDYALYAM', 'JINNA NAGAR TOPPUR', 'Provincial', 'Type 2', 196),
(16148, 'FATHIMA MUSLIM GIRLS M.V', 'THOPPUR', 'Provincial', '1AB', 195),
(16153, 'T/M/SRI SHANPAHA MAHA  VIDYALAYAM', 'EACHCHILAMPATTU', 'Provincial', '1AB', 196),
(16154, 'T/M/KARUKKAMUNAI.G.T.M.SCHOOL', 'KARUKKAMUNAI,ECHCHILAMPATTU', 'Provincial', 'Type 3', 196),
(16155, 'ELANGAITHURAIMUGATHUWARAM HINDU COLLEGE', 'ELANGAITHURAIMUGATHUWARAM, EACHCHILAMPATTU', 'Provincial', '1C', 196),
(16175, 'T/MU/MUTUR CENTRAL COLLEGE', 'KNOX ROAD,MUTUR', 'National', '1AB', 195),
(16182, 'T/KIN/AL AQZA COLLEGE', 'SINNA KINNIYA, KINNIYA', 'Provincial', '1AB', 192),
(16183, 'T/KI/AL-HIRA MUSLIM GIRLS MAHA VIDYALAYA', 'KINNIYA', 'Provincial', '1C', 192),
(16184, 'T/KIN/AL-HAJ EHUTHAR VIDYALAM', 'PERIYATHUMUNAI. KINNIYA', 'Provincial', 'Type 3', 192),
(16185, 'T/KIN/PERIYA KINNIYA BOY''S SCHOOL', 'WARD NO- 06,KINNIYA', 'Provincial', 'Type 2', 192),
(16187, 'T/KIN/KINNIYA CENTRAL COLLEGE', 'MAIN STREET KINNIYA', 'National', '1AB', 192),
(16199, 'T/KIN/VEPPENTHAVAI ZAHIRA VIDYALAYAM', 'VEPPENTHAVANAI, KINNIYA', 'Provincial', 'Type 3', 185),
(17001, 'PARAKRAMABAHU M.M.V.', 'POLGAHAWELA', 'National', '1AB', 197),
(17002, 'KU/DUTUGEMUNU M.M.V.', 'POTHUHERA', 'Provincial', '1AB', 197),
(17004, 'UDAPOLA SUMSNGALA', 'UDAPOLA, POLGAHAWELA', 'Provincial', '1C', 197),
(17007, 'DENAGAMUWA M.V', 'POLGAHAWELA', 'Provincial', 'Type 2', 197),
(17013, 'SIRI PERAKUM V.(UDUGAMA M.V)', 'UDUGAMA,KALUGAMUWA', 'Provincial', 'Type 3', 197),
(17052, 'RAMBADAGALLA M.M.V.', 'RAMBADAGALLA,REDEEGAMA.', 'Provincial', '1AB', 200),
(17054, 'GONIGODA M.V.', 'PIHIMBUWA.', 'Provincial', '1C', 200),
(17059, 'KOSWATHTHA K.V.', 'KOSWATHTHA,GOKARELLA.', 'Provincial', 'Type 2', 200),
(17061, 'ALAKOLAMADA NALANDA K.V.', 'ALAKOLAMADA,DODANGASLANDA.', 'Provincial', 'Type 3', 200),
(17094, 'MAWATHAGAMA MADYA MAHA VIDYALAYA', 'MAWATHAGAMA', 'National', '1AB', 198),
(17095, 'SRI NISSANKA M.M.V.', 'INDULGODAKANA,KURUNEGALA', 'National', '1C', 198),
(17096, 'THALAMPITIYA M.V', 'KOHILEGEDARA', 'Provincial', 'Type 2', 198),
(17097, 'THIRAGAMA M.V', 'THIRAGAMA,KOHILEGEDARA', 'Provincial', '1C', 198),
(17104, 'WEUDA ROYAL CENTRAL COLLEGE', 'WEUDA', 'Provincial', '1AB', 198),
(17118, 'ATHUGALPURA SINHALAOKA COLLEGE(SHASTHRODAYA V', 'WEWAGEDARA,HINDAGOLLA', 'Provincial', 'Type 3', 198),
(17138, 'ITHANAWATTA M.V.', 'ITHANAWATTA', 'Provincial', '1C', 203),
(17140, 'ISIPATHANA M.M.V.', 'BAMUNAKOTUWA', 'Provincial', '1AB', 203),
(17141, 'SUMANGALA.M.M.V', 'WARIYAPOLA', 'National', '1AB', 203),
(17142, 'AMUNUGAMA K.V.', 'NIKADALUPOTHA', 'Provincial', 'Type 2', 203),
(17152, 'PANADARE P.V', 'PANADARAGAMA', 'Provincial', 'Type 3', 203),
(17199, 'IBBAGAMUWA CENTRAL COLLEGE.', 'IBBAGAMUWA.', 'National', '1AB', 201),
(17200, 'GOKARELLA CENTRAL COLLEGE', 'GOKARELLA', 'Provincial', '1C', 201),
(17203, 'MEDAMULLA DE MEL NAVODYA MAHA VIDYALAYA', 'MELSIRIPURA', 'Provincial', '1AB', 201),
(17206, 'KIRIBAMUNA VIDYALAYA', 'KIRIBAMUNA,IBBAGAMUWA', 'Provincial', 'Type 2', 201),
(17214, 'KANAWA M.V', 'MAHAMUKALANYAYA', 'Provincial', 'Type 2', 202),
(17222, 'NINDAPELLA VIDYALAYA', 'GOKARELLA', 'Provincial', 'Type 3', 201),
(17233, 'KUMBUKGETE C.C', 'KUMBUGETE', 'Provincial', '1AB', 202),
(17234, 'S.B HERATH M.M.V', 'GANEWATTA , NIKADALUPOTHA', 'National', '1C', 202),
(17235, 'POTHHUWAGONNA M.V', 'THAMBAGALLA', 'Provincial', '1C', 202),
(17242, 'WAYAMBA SHILPALOKA VIDDIYALAYA ( WEGOLLA K.V)', 'NIKADALUPOTHA', 'Provincial', 'Type 3', 202),
(17265, 'MAYURAPADA CENTRAL COLLEGE', 'NARAMMALA', 'National', '1AB', 207),
(17266, 'DAMBADENIYA M.M.V', 'DAMBADENIYA', 'Provincial', '1AB', 207),
(17267, 'NARAMMALA MAHA VIDYALAYA', 'NARAMMALA', 'Provincial', '1C', 207),
(17269, 'METIYAGANE M.V', 'METIYAGANE', 'Provincial', 'Type 2', 207),
(17279, 'YAKKAVITA PRIMARY SCHOOL', 'NARAMMALA', 'Provincial', 'Type 3', 207),
(17292, 'MALIYADEWA BALIKA V.', 'COLOMBO ROAD,KURUNEGALA', 'National', '1AB', 199),
(17294, 'WELLAWA M.M.V.', 'WELLAWA', 'Provincial', '1AB', 199),
(17299, 'SARANANKARA M.V.', 'KUDAGALGAMUWA', 'Provincial', '1C', 199),
(17304, 'WAYAMBA JAYASANKA V.', 'MINHETTIYA', 'Provincial', 'Type 3', 199),
(17307, 'KU/ALAKOLADENIYA JUNIOR SCHOOL', 'NEGAMBO ROAD MALKADUWAWA KURUNEGALA', 'Provincial', 'Type 2', 199),
(17391, 'SRI SARANANKARA M.M.V.', 'BINGIRIYA', 'National', '1AB', 210),
(17392, 'SIDDHARTHA M V', 'HALMILLAWEWA', 'Provincial', '1C', 210),
(17396, 'L.B.JAYASENA M.V.', 'HORAGASAGARA,HIRUWALPOLA', 'Provincial', '1C', 211),
(17400, 'BOWATHTHA K.V.', 'BINGIRIYA', 'Provincial', 'Type 2', 210),
(17402, 'HORAGASAGARA PIYADASSI K.V.', 'HIRUWALPOLA', 'Provincial', 'Type 3', 210),
(17420, 'NAKKAWATHTA MAHINDA MADYA MAHA VIDYALAYA', 'NAKKAWATHTHA', 'National', '1AB', 208),
(17422, 'GALGAMULLA MAHA VIDYALAYA', 'GALGAMULLA, WEWAGAMA', 'Provincial', '1C', 208),
(17423, 'RUWANGIRI CENTRAL COLLEGE', 'BOGAMULLA', 'Provincial', '1AB', 208),
(17424, 'NETHTHIPOLAGEDARA M.V.', 'NETHTHIPOLAGEDARA, SIYABALAGASKOTUWA', 'Provincial', 'Type 2', 208),
(17428, 'ANNARUWA K.V.', 'KITHALAWA', 'Provincial', 'Type 3', 211),
(17434, 'DALUPOTHAGAMA KANISHTA VIDYALAYA', 'DALUPOTHAGAMA,KATUPOTHA', 'Provincial', 'Type 3', 208),
(17437, 'SRI SADDHAWIMALA K.V.', 'BEMINIGALLA,ANUKKANE', 'Provincial', 'Type 2', 211),
(17456, 'BIBILADENIYA SRI GUNANANDA M M V', 'WELIPENNAGAHAMULLA', 'Provincial', '1C', 212),
(17457, 'GAHALAGASWELA M.V.', 'DUMMALASOORIYA', 'Provincial', 'Type 2', 212),
(17464, 'J.R.JAYAWARDHANA M.M.V.', 'DUMMALASOORIYA', 'National', '1AB', 212),
(17467, 'KAPPANGAMUWA DHARMARATHNA P.V.', 'ILUKHENA', 'Provincial', 'Type 3', 212),
(17489, 'KULIYAPITIYA M.M.V.', 'KULIYAPITIYA', 'National', '1AB', 211),
(17490, 'SARANATH M.V.', 'KULIYAPITIYA', 'Provincial', '1AB', 211),
(17522, 'SANDALANKA NATIONAL SCHOOL', 'SADALANKAWA', 'National', '1AB', 209),
(17523, 'I.M.R.A.IRIYAGOLLA MAHA VIDYALAYA', 'YAKWILA', 'Provincial', '1AB', 209),
(17524, 'KANDANEGEDARA DHARMAPALA M.V.', 'WADUMUNNEGEDARA', 'Provincial', '1C', 209),
(17530, 'MAKANDURA VIDYANANDA K.V.', 'MAKANDURA, GONAWILA', 'Provincial', 'Type 2', 209),
(17531, 'GONULLA VIDYADEEPTHI KANISHTA VIDYALAYA', 'GONULLA,GONAVILA', 'Provincial', 'Type 3', 209),
(17578, 'MAHINDODAYA MAHA VIDYALAYA', 'HETTIPOLA', 'Provincial', '1AB', 213),
(17579, 'BANDARAKOSWATHTHA M V', 'BANDARAKOSWATHTHA', 'Provincial', '1C', 213),
(17583, 'DEWAMEDI KUDAWEWA M.V.', 'MANDAPOLA', 'Provincial', 'Type 2', 213),
(17588, 'TEKEWA P.V.', 'HETTIPOLA', 'Provincial', 'Type 3', 213),
(17613, 'S.W.R.D.BANDARANAYAKA M.M.V.', 'PANDUWASNUWARA,HETTIPOLA', 'National', '1AB', 213),
(17614, 'NAGOLLAGODA M.M.V.', 'NAGOLLAGODA', 'Provincial', '1AB', 214),
(17615, 'SRI SUMANASARA M.V.', 'KIRIMETIYAWA', 'Provincial', '1C', 214),
(17620, 'EPALADENIYA K.V.', 'IHALA GOMOGOMUWA', 'Provincial', 'Type 2', 214),
(17623, 'GONNAWA K.V.', 'GONNAWA,ANUKKANE', 'Provincial', 'Type 3', 214),
(17675, 'NWP/MHO/POPI/POLPITHIGAMA NATIONAL SCHOOL', 'POLPITHIGAMA', 'National', '1AB', 215),
(17676, 'NWP/MHO/POPI/MDAHAPOLA MAHINDA M.V.', 'MADAHAPOLA', 'Provincial', '1C', 215),
(17680, 'NWP/MAHO/POPI/BALAGOLLA K.V.', 'BALAGOLLA, MAELIYA', 'Provincial', 'Type 2', 215),
(17684, 'NWP/MAHO/POPI/HATHIGAMUWA VIDYALAYA', 'POLPITHIGAMA', 'Provincial', 'Type 3', 215),
(17708, 'NWP/MAHO/MAHO VIJAYABA MADYA MAHA VIDYALAYA', 'MAHO', 'National', '1AB', 216),
(17709, 'NWP/MAHO/MAHO/AMBANPOLA CENTRAL COLLEGE', 'AMBANPOLA', 'Provincial', '1C', 216),
(17710, 'NWP/MAHO/MAHO/BALALLA U.B.WANNINAYAKA MAHA VI', 'BALALLA', 'Provincial', '1AB', 216),
(17719, 'NWP/MAHO/MAHO/ABAKOLAWEWA JUNIOR SCHOOL', 'ABAKOLAWEWA,AMBANPOLA', 'Provincial', 'Type 2', 216),
(17724, 'NWP/MAHO/ELLABADAGAMA PRIMARY SCHOOL', 'ELLABADAGAMA-AMBANPOLA', 'Provincial', 'Type 3', 216),
(17755, 'NIKAWERATIYA MUSLIM M.M.V', 'NIKAWERATIYA', 'Provincial', '1C', 204),
(17757, 'NWP/MAHO/GAL/U.B.WANNINAYAKA NATIONAL SCHOOL', 'GALGAMUWA', 'National', '1AB', 217),
(17758, 'NWP/MAHO/GAL/BANDARANAYAKA NAVODYA SCHOOL', 'EHATUWEWA', 'Provincial', '1AB', 217),
(17759, 'NWP/MAHO/POPI/NIKAWEWA DEWANAMPIYATHISSA M.M.', 'MORAGOLLAGAMA', 'Provincial', '1AB', 215),
(17760, 'NWP/MAHO/GAL/KUDAKATHNORUWA SRI SIDDHARTHA M.', 'MEEGALEWA', 'Provincial', '1C', 217),
(17761, 'NWP/MAHO/GIRI PAHALAGIRIBAWA M.V.', 'PAHALAGIRIBAWA', 'Provincial', '1C', 218),
(17767, 'NWP/MAHO/GIRI/PERAKUMPURA NATIONAL SCHOOL', 'R.L.B.,TRACKT 03,SOLEPURA', 'National', '1C', 218),
(17769, 'NWP/MAHO/GIRI/MAILEWA', 'MAILAWA - THAMBUTTA', 'Provincial', '1AB', 218),
(17770, 'NWP/MAHO/GIRI/THAMBUTTA M.V.', 'THAMBUTTA- GALGAMUWA', 'Provincial', 'Type 2', 218),
(17772, 'NWP/MAHO/GAL/ATHARAGALLA KANISHTA VIDYALAYA', 'ATHARAGALLA-GALGAMUWA', 'Provincial', 'Type 2', 217),
(17784, 'NWP/MAHO/GAL/MADADOMBE VIDYALAYA', 'GALLEWA-GALGAMUWA', 'Provincial', 'Type 3', 217),
(17806, 'NWP/MAHO/GIRI/IHALA MARADANKADAWALA P.V.', 'PAHALAGIRIBAWA - GALGAMUWA', 'Provincial', 'Type 3', 218),
(17838, 'MAHASEN NATIONAL SCHOOL', 'NIKAWERATIYA', 'National', '1AB', 204),
(17844, 'IHALAGAMA K.V', 'HULUGALLA', 'Provincial', 'Type 2', 204),
(17852, 'PRINCE COLLEGE(MADURAGAMA.P.V)', 'HULOGEDARA', 'Provincial', 'Type 3', 204),
(17867, 'SRI PARAKRAMA NATIONAL SCHOOL', 'KOBEIGANE', 'National', '1AB', 205),
(17869, 'I.M.R.A.IRIYAGOLLA M.M.V', 'BORALUWEWA', 'Provincial', '1C', 205),
(17873, 'KITHAGAMA RAJASINGE.K.V', 'KOBEIGANE', 'Provincial', 'Type 2', 205),
(17875, 'KOSGAHAWEWA.P.V.', 'KOBEIGANE', 'Provincial', 'Type 3', 205),
(17886, 'BAMUNUGAMA.M.V', 'MIRIHANEGAMA', 'Provincial', '1AB', 205),
(17892, 'KADIGAWA M.V.', 'KADIGAWA,NIKAWERATIYA', 'Provincial', '1C', 206),
(17896, 'MEEWELLAWA M.V.', 'MEEWELLAWA', 'Provincial', 'Type 2', 206),
(17906, 'DIVULLEPITIYA P.V.', 'MEEWELLEWA', 'Provincial', 'Type 3', 206),
(18001, 'ANMADUWA CENTREL COLLAGE', 'ANAMADUWA', 'Provincial', '1AB', 219),
(18002, 'SRI RATHNAPALA NAVODYA M.V.', 'MAHAUSWEWA', 'Provincial', '1C', 219),
(18003, 'WIMALARATHNA KUMARAGAMA K.V.', 'THALGASWEWA ANAMADUWA', 'Provincial', 'Type 2', 219),
(18006, 'WALPALUWA K.V.', 'WALPALUWA,MAHAKUMBUKAKADAWALA.', 'Provincial', 'Type 2', 220),
(18011, 'KADATHTHAWA P.V.', 'ANAMADUWA', 'Provincial', 'Type 3', 219),
(18034, 'VIDYASAGARA M.V.', 'KALLADIYA', 'Provincial', 'Type 2', 221),
(18036, 'KIVULAKALE M.V.', 'KIVULA,NO4,KOTTUKACHCHIYA.', 'Provincial', '1C', 220),
(18039, 'DEWALAHANDIYA JAYAWARDANA K.V.', 'KOTTUKACHCHIYA', 'Provincial', 'Type 3', 220),
(18044, 'THABBOWA MAHA VIDYALAYA', 'THABBOWA, PUTTALAM.', 'Provincial', '1C', 222),
(18045, 'SIRAMBIYADIYA.K.V', 'SIRAMBIYADIYA,PUTTALAM', 'Provincial', 'Type 2', 222),
(18047, 'THEWANUWARA P.V.', 'THABBOWA, PUTTALAM', 'Provincial', 'Type 3', 222),
(18071, 'ST. ANDREW''S CENTRAL COLLEGE', 'PUTTALAM.', 'Provincial', '1AB', 222),
(18072, 'ANANDA NATIONAL COLLEGE', 'ANANDA STREET, PUTTALAM', 'National', '1C', 222),
(18082, 'NIRMALA MATHA SIN.M.V.', 'KALPITIYA', 'Provincial', '1C', 223),
(18083, 'KURIGNGNAPITIYA R.C.SIN.V.', 'KURIGNGAPITIYA', 'Provincial', 'Type 2', 223),
(18091, 'AL AQSA NATIONAL SCHOOL', 'U.M.U.ROAD,KALPITIYA', 'National', '1AB', 223),
(18094, 'MUHATHTHUWARAM MUSLIM V.', 'MUHATTHUWARAM,AUTCH-BAY,KALPITIYA', 'Provincial', 'Type 3', 223),
(18112, 'MADURANKULIYA MODEL SCHOOL', 'MADUARANKULIYA', 'Provincial', '1C', 221),
(18113, 'AMAKULIYA GOVERNMENT SCHOOL', 'WEERAPURA MADURANKULIYA', 'Provincial', 'Type 3', 221),
(18141, 'NANDIMITHRA N.M.M.V.', 'PALLAMA', 'Provincial', '1AB', 220),
(18168, 'ST.MARY''S COLLEGE', 'PUTTALAM ROAD,CHILAW', 'Provincial', '1AB', 224),
(18172, 'AMBAKANDAWILA ST.ROCHES SCHOOL', 'AMBAKANDAWILA,CHIAW', 'Provincial', 'Type 2', 224),
(18173, 'BISHOP EDMUND PEIRIS COLLEGE', 'CHILAW', 'Provincial', 'Type 3', 224),
(18176, 'PANKULAWA NAVODYA MAHA VIDYALAYA', 'PANKULAWA,NALLADARANKATTUWA', 'Provincial', '1C', 225),
(18178, 'BATTULUOYAKANISHTA VIDYALAYA', 'BATTULUOYA', 'Provincial', 'Type 2', 225),
(18194, 'ELIVITIYA K.V.', 'KUMARAKATTUWA', 'Provincial', 'Type 3', 225),
(18199, 'ANANDA NATIONAL SCHOOL', 'COLOMBO ROAD,CHILAW', 'National', '1AB', 224),
(18200, 'WIJAYA MAHA VIDYALAYA', 'WIJAYA MAWATHA,CHILAW', 'Provincial', '1C', 224),
(18243, 'JOSEPHVAZ COLLEGE', 'WENNAPPUWA', 'National', '1AB', 226),
(18245, 'HOLY FAMILY PRIMARY BALIKA VIDYALAYA', 'WENNAPPUWA', 'Provincial', 'Type 3', 226),
(18246, 'HOLY FAMILY BALIKA MAHA VIDYALAYA', 'WENNAPPUWA', 'Provincial', '1AB', 226),
(18247, 'ST.FRANCIS XAVIER K.V', 'ULHITIYAWA-WENNAPPUWA', 'Provincial', 'Type 2', 226),
(18253, 'GONSALVEZ MAHA VIDYALAYA', 'BOLAWATHTHA,WAIKKALA', 'Provincial', '1C', 226),
(18285, 'MAHAWEWA SRI DHARMARAMA M.V', 'MAHAWEWA', 'Provincial', '1C', 227),
(18287, 'MATTAKOTUWA KANISHTA VIDYALAYA', 'MATTAKOTUWA,MAHAWEWA', 'Provincial', 'Type 2', 227),
(18292, 'MARAWILA ST.XAVIERS M.M.V', 'MARAWILA', 'Provincial', '1AB', 227),
(18298, 'MARAWILA HOLY FAMILY BALIKA PRIMARY SCHOOL', 'MARAWILA', 'Provincial', 'Type 3', 227),
(18302, 'DHAMMISSARA MADYA MAHA VIDYALAYA', 'NATTANDIYA', 'National', '1AB', 227),
(19001, 'MAITHRIPALA SENANAYAKA CENTRAL COLLEDGE', 'MEDAWACHCHIYA', 'National', '1AB', 228),
(19002, 'RAMBEWA MAHA VIDYALAYA', 'RAMBEWA', 'Provincial', '1AB', 232),
(19003, 'KENDE KALLANCHIYA VIDYALAYA', 'KALLANCHIYA ANURADHAPURA', 'Provincial', 'Type 2', 232),
(19004, 'PIHIBIYAGOLLEWA M.V', 'PIHIBIYAGOLLEWA,MEDAWACHCHIYA', 'Provincial', '1C', 232),
(19005, 'POONEWA MAHA V.', 'POONEWA', 'Provincial', '1C', 228),
(19008, 'ANGUNOCHCHIYA VIDYALAYA', 'ANGUNOCHCHIYA VDYALAYA,MEDAWACHCHIYA', 'Provincial', 'Type 2', 228),
(19011, 'SIRIDHAMMA V.', 'POONEWA', 'Provincial', 'Type 3', 228),
(19013, 'THAMBALAGOLLEWA VIDUHALA', 'PIHIMBIYAGOLLEWA', 'Provincial', 'Type 3', 232),
(19045, 'KEBITHIGOLLEWA CENTRAL COLLEGE', 'KEBITHIGOLLEWA', 'Provincial', '1AB', 229),
(19052, 'GONUHADDENAWA VIDYALAYA', 'GONUHADDENAWA,KEBITHIGOLLEWA', 'Provincial', 'Type 2', 229),
(19056, 'HERATH HALMILLAWA VIDYALAYA', 'HERATH HALMILLEWA,KEBITHIGOLLEWA', 'Provincial', 'Type 3', 229),
(19078, 'PADAVI PARACKRAMAPURA M.V.', 'PADAVI PARACKRAMAPURA', 'Provincial', '1C', 230),
(19079, 'BUDDHANGALA M.M.V.', 'PADAVI PARACKRAMAPURA', 'Provincial', '1AB', 230),
(19082, 'ALUTHHALMILLEWA V.', 'BOGAHAWEWA', 'Provincial', 'Type 2', 230),
(19083, 'PADAVI PARACKRAMAPURA PRIMERY SCHOOL', 'PADAVI PARACKRAMAPURA', 'Provincial', 'Type 3', 230),
(19090, 'WAHALKADA D 02 V', 'WAHALKADA D 02, KEBITHIGOLLEWA', 'Provincial', 'Type 2', 231),
(19092, 'HEMAMALI MAHA VIDYALAYA', 'D-04,WAHALKADA,KEBITHIGOLLEWA', 'Provincial', '1C', 229),
(19097, 'SAMPATH NUWARA V.', 'ETHAWETUNUWEWA', 'National', '1C', 230),
(19102, 'KAHATAGASDIGILIYA M.M.V.', 'KAHATAGASDIGILIYA', 'Provincial', '1AB', 238),
(19103, 'RATHMALGAHAWEWA M.V.', 'RATHMALGAHAWEWA', 'Provincial', '1C', 238),
(19104, 'RUWANWELI CENTRAL COLLAGE', 'HOROWPOTHANA', 'Provincial', '1AB', 231),
(19105, 'AMBAGASWEWA ASHOKA JAYANTHI V', 'AMBAGASWEWA, KAPUGOLLEWA', 'Provincial', 'Type 3', 231),
(19113, 'DIGANHALMILLAWA V.', 'KAHATAGASDIGILIYA', 'Provincial', 'Type 2', 238),
(19117, 'NAYAKAPUWEWA V', 'KAHATAGASDIGILIYA', 'Provincial', 'Type 3', 238),
(19142, 'GALENBINDUNUWEWA M.M.V.', 'GALENBINDUNUWEWA', 'Provincial', '1AB', 239),
(19143, 'DUTUWEWA M.V.', 'DUTUWEWA,GALENBINDUNUWEWA', 'Provincial', '1C', 239),
(19151, 'ALUTHDIULWEWA V.', 'GETALAWA,GALENBINDUNUWEWA', 'Provincial', 'Type 2', 239),
(19155, 'ULPATHGAMA V.', 'ULPATHGAMA,GALENBINDUNUWEWA', 'Provincial', 'Type 3', 239),
(19176, 'ANURADHAPURA CENTRAL COLLEGE', 'ANURADHAPURA', 'National', '1AB', 233),
(19178, 'ST,JOSEPH''S COLLEGE', 'ANURADHAPURA', 'Provincial', '1AB', 233),
(19179, 'KALUWILA SENA M.V', 'HIDOGAMA', 'Provincial', '1AB', 234),
(19180, 'RATHMALETHISSA MAHA VIDYALAYA', 'SRAWASTHIPURA', 'Provincial', 'Type 2', 234),
(19184, 'K.B.RATHNAYAKE MAHA VIDYALAYA', 'ANURADHAPURA', 'Provincial', '1C', 233),
(19185, 'KUDA NELUBEWA MAHA VIDYALAYA', 'HIDOGAMA', 'Provincial', '1C', 234),
(19186, 'SUBODHI.M.V.', 'KIRALOGAMA', 'Provincial', '1C', 241),
(19187, 'KAMMALAKKULAMA V.', 'MIHINTHALE', 'Provincial', 'Type 2', 240),
(19189, 'KEERIKKULAMA VIDYALAYA', 'GALKULAMA,ANURADHAPURA', 'Provincial', 'Type 3', 233),
(19191, 'THAMMANNAPURA VIDYALAYA', 'GHANI KULAMA,ANURADHAPURA', 'Provincial', 'Type 2', 233),
(19192, 'THURUWILA VIDYALAYA', 'HIDOGAMA', 'Provincial', 'Type 3', 234),
(19201, 'KATAKALE V.', 'KIRALOGAMA', 'Provincial', 'Type 2', 241),
(19206, 'THAMMENNAWA VELUSUMANA M.V.', 'SEEPPUKULAMA', 'Provincial', '1C', 240),
(19217, 'UKKULANKULAMA V.', 'UKKULANKULAMA,MIHINTHALE.', 'Provincial', 'Type 3', 240),
(19226, 'ELAYAPATUWA MAHA VIDYALAYA', 'ELAYAPATHTHUWA,ANURADHAPURA', 'Provincial', '1C', 235),
(19227, 'ETHDATHKALLA RAHULA VIDYALAYA', 'ETHDATHKALLA,PEMADUWA', 'Provincial', 'Type 2', 236),
(19228, 'ILANDAGAHAWEWA VIDYALAYA', 'ELAYAPATHTHUWA', 'Provincial', 'Type 2', 235),
(19237, 'SRI WIMALAGHANA MAHA VIDUHALA', 'THANTHIRIMALE', 'Provincial', '1C', 236),
(19239, 'THIBBATUWAGAMA VIDYALAYA', 'THIBBATUWAGAMA,MAHABULANKULAMA,', 'Provincial', 'Type 3', 235),
(19251, 'MAHAWILACHCHIYA SIDDARTHA MAHA  VIDYALAYA', 'PEMADUWA,ANURADHAPURA', 'Provincial', '1AB', 236),
(19254, 'GAMINI VIDUHALA', 'TRACK 03,MAHAWILACHCHIYA', 'Provincial', 'Type 3', 236),
(19269, 'ADAMPANE SUDHARSHANA MAHA VIDYALAYA', 'NOCHCHIYAGAMA', 'Provincial', '1C', 237),
(19270, 'VIDYALOKA MAHA VIDYALAYA', 'AMBAGAHAWEWA,RANORAWA,NOCHCHIYAGAMA', 'Provincial', 'Type 2', 237),
(19271, 'ITTIKULAMA VIDYALAYA', 'RANORAWA', 'Provincial', 'Type 3', 237),
(19281, 'VIDDYADARSHA MAHA VIDYALAYA', 'NOCHCHIYAGAMA', 'Provincial', '1AB', 237),
(19296, 'THAMBUTTHEGAMA.M.M.V', 'THAMBUTTEGAMA', 'Provincial', '1AB', 242),
(19297, 'THALAWA M.V', 'TALAWA', 'Provincial', '1AB', 241),
(19298, 'RAJANGANAYA TRACT 05 M.V', 'RAJANGANAYA', 'Provincial', '1AB', 243),
(19302, 'SENAPURA M.V.', 'SENAPURA', 'Provincial', '1C', 245),
(19303, 'ANGAMUWA TRACT 06 M.V.', 'TRACT 06,ANGAMUWA', 'Provincial', '1C', 243),
(19307, 'KATIYAWA TRACK 10 V.', 'KATIYAWA', 'Provincial', 'Type 3', 241),
(19312, 'KUDAGAMA V.', 'KUDAGAMA, THAMBUTTEGAMA', 'Provincial', 'Type 2', 242),
(19321, 'MAHA BELLANKADAWALA M.V.', 'MALWANEGAMA, THALAWA', 'Provincial', '1C', 242),
(19322, 'RAJANGANAYA TRACT 01 P.V.', 'RAJANGANAYA, TRACT 01.', 'Provincial', 'Type 3', 243),
(19324, 'RAJANGANAYA TRACT 08 RAHULA V.', 'ANGAMUWA', 'Provincial', 'Type 2', 243),
(19333, 'GURUGAMA V.', 'THAMBUTTEGAMA', 'Provincial', 'Type 3', 242),
(19336, 'GALNEWA M.M.V', 'GALNEWA', 'Provincial', '1AB', 244),
(19337, 'KAGAMA DHATUSENA M.V.', 'KAGAMA', 'Provincial', 'Type 2', 245),
(19338, 'NEGAMPAHA M.V', 'NEGAMPAHA', 'Provincial', '1C', 244),
(19341, 'IHALA BULNEWA V.', 'BULNEWA,GALNEWA', 'Provincial', 'Type 2', 244),
(19343, 'KATHTHARAGAMA V.', 'KATHTHARAGAMA, GALNEWA', 'Provincial', 'Type 3', 244),
(19348, 'PALUGASWEA GAMINI V.', 'VIJITHAPURA', 'Provincial', 'Type 3', 245),
(19361, 'SRI SIDDHARTHA M.M.V.', 'EPPAWALA', 'National', '1AB', 241),
(19362, 'GANTHIRIYAGAMA M.V.', 'IPALOGAMA', 'Provincial', '1AB', 245),
(19363, 'MARADANKADAWALA M.V.', 'MARADANKADAWALA', 'Provincial', '1C', 246),
(19364, 'WALAGAMBAHUWA M.V.', 'WALAGAMBAHUWA, MARADANKADAWALA', 'Provincial', '1C', 247),
(19369, 'PAINDIKULAMA V.', 'PAINDIKULAMA, WALAGAMBAHUWA', 'Provincial', 'Type 2', 247),
(19370, 'A/MAMINIYAWA VIDYALAYA', 'MARADANKADAWALA', 'Provincial', 'Type 3', 246),
(19377, 'AMUNUCHCHIYA V.', 'AMUNUCHCHIYA, MURIYAKADAWALA', 'Provincial', 'Type 3', 247),
(19398, 'THIRAPPANE MAHANAMA M.V.', 'THIRAPPANE', 'Provincial', '1AB', 247),
(19414, 'MIHINTHALE M.V.', 'MIHINTHALE,ANURADHAPURA', 'Provincial', '1AB', 240),
(19422, 'ANDIYAGALA NAVODYA SCHOOL', 'ANDIYAGALA', 'Provincial', '1C', 248),
(19423, 'UPULWEHERA VIDYALAYA', 'UPULWEHERA,MANERUWA,NEGAMPAHA', 'Provincial', 'Type 3', 248),
(19425, 'OLUKARADA VIDYALAYA', 'OLUKARADA, KEKIRAWA', 'Provincial', 'Type 2', 246),
(19429, 'KEKIRAWA CENTRAL COLLEGE', 'KEKIRAWA', 'National', '1AB', 246),
(19434, 'THELADINNANWEWA', 'DAMBULUHALMILLEWA,KEKIRAWA', 'Provincial', 'Type 2', 248),
(19457, 'THIBBATUWEWA MAHA VIDYALAYA', 'KEKIRAWA', 'Provincial', '1AB', 246),
(19458, 'PALUGASWEWAM.V.', 'HABARANA ROAD PALUGASWEWA', 'Provincial', '1C', 249),
(19459, 'HABARANA M.V.', 'POLONNARUWA ROAD HABARANA', 'Provincial', '1AB', 249),
(19462, 'KELEWA SUMANA V.', 'BELLANKADAWALA PALUGASWEWA', 'Provincial', 'Type 2', 249),
(19465, 'KUBUKWEWA V.', 'KUBUKWEWA HABARANA', 'Provincial', 'Type 3', 249),
(19526, 'HOROWPOTHANA MUS M V', 'HOROWPOTHANA', 'Provincial', '1C', 231),
(20001, 'MINNERIYA N.S.', 'NEL RD, HINGURAKGODA', 'National', '1AB', 253),
(20003, 'NAGALAKANDA NAWODYA M.V.', 'MINNERIYA', 'Provincial', '1C', 253),
(20004, 'GIRITHALEGAMA M.V.', 'GIRITHALE', 'Provincial', '1AB', 253),
(20005, 'UNAGALAWEHERA K.V.', 'UNAGALAWEHERA, POLONNARUWA', 'Provincial', 'Type 2', 253),
(20007, 'YATIYALPOTHANA P.S.', 'KAUDULLA', 'Provincial', 'Type 3', 253),
(20030, 'DIYASENPURA M.V.', 'MEDIRIGIRIYA', 'Provincial', '1C', 254),
(20031, 'GALAMUNA MAHA VIDAYALAYA', 'PANSALGODELLA,GALLAMUNA', 'Provincial', '1C', 256),
(20035, 'MEDIRIGIRIYA NATIONAL SCHOOL', 'MEDIRIGIRIYA', 'National', '1AB', 254),
(20036, 'DIVULANKADAWALA CENTRAL COLLEGE', 'DIVULANKADAWAL', 'Provincial', '1AB', 254),
(20037, 'VIJITHA MADAYA MAHA VIDAYALAYA', 'PULASHIGAMA', 'Provincial', '1AB', 256),
(20038, 'ABHAYAPURA M.V', 'PULASTHIGAMA,POLONNARUWA', 'Provincial', 'Type 2', 256),
(20042, 'BEBIYAWAWA.P.S.', 'MEEGTASWEWA,MEDIRIGIRIYA', 'Provincial', 'Type 3', 254),
(20043, 'GEMUNUPURA P.V.', 'THALPOTHA-POLONNARUWA', 'Provincial', 'Type 3', 256),
(20047, 'MAURAPADA K.V.', 'MAHATHALAKOLAWEWA,MEDIRIGIRIYA', 'Provincial', 'Type 2', 254),
(20069, 'ROYAL CENTRAL COLLEGE', 'POLONNARUWA', 'National', '1AB', 257),
(20070, 'ALUTHWEWA M.V', 'ALUTWEWA', 'Provincial', '1C', 257),
(20072, 'PALUGASDAMANA MAHA VIDAYALAYA', 'PALUGASDAMANA POLONNARUWA', 'Provincial', '1AB', 257),
(20078, 'AMBANGANGA DAKUNU ELA VIDYALAYA', 'PARAKRAMA SAMUDURAYA,POLONNARUWA', 'Provincial', 'Type 3', 257),
(20084, 'NIKAWEWA GAMINI KANISHTA VIDYALAYA', 'JAYANTHIPURA, POLONNARUWA.', 'Provincial', 'Type 2', 257),
(20097, 'MONARATHENNA P.V', 'MONARATHENNA,WELIKANDA', 'Provincial', 'Type 3', 252),
(20103, 'VILAYAYA M.M.V', 'ARALAGANWILA', 'Provincial', '1AB', 251),
(20106, 'KADAWATHAMADUWA D.K.V', 'MENIKDENIYA,WELIKANDA', 'Provincial', 'Type 2', 252),
(20131, 'SEWANAPITIYA M.V', 'SEWANAPITIYA', 'Provincial', '1AB', 252),
(20132, 'NELUMWEWA M.V', 'NELUMWEWA,', 'Provincial', '1C', 252),
(20176, 'BAKAMUNA MAHASEN M.M.V.', 'BAKAMUNA', 'Provincial', '1AB', 255),
(20178, 'ATTHARAGALLEWA M.V.', 'ATTHARAGALLEWA', 'Provincial', '1C', 255),
(20180, 'HEGALA K.V.', 'KOTTAPITIYA', 'Provincial', 'Type 2', 255),
(20182, 'IHAKULUWEWA P.S.', 'DIYABEDUMA', 'Provincial', 'Type 3', 255),
(21001, 'ANDAULPOTHA N.S', 'URANIYA,MAHIYANGANYA', 'National', '1C', 258),
(21002, 'EKIRIYANKUMBURA M.V', 'EKIRIYANKUMBURA,BIBILE', 'Provincial', '1C', 258),
(21003, 'PETHIYAGODA M.V', 'HEWANWATHTHA,MAHIYANGANAYA', 'Provincial', 'Type 2', 258),
(21011, 'NAGADEEPA K.V', 'NAGADEEPA,URANIYA,MAHIYANGANAYA', 'Provincial', 'Type 3', 258),
(21014, 'MEDAOYA K.V', 'MAPAKADAWEWA', 'Provincial', 'Type 2', 259),
(21026, 'MAHIYANGANA N.S', 'MAHIYANGANA', 'National', '1AB', 259),
(21028, 'BANDARANAYAKA M.M.V', 'MAPAKADAWEWA', 'Provincial', '1C', 259),
(21029, 'THISSAPURA M.V', 'UVA THISSAPURA,MAPAKADAWEWA', 'Provincial', '1AB', 258),
(21032, 'GIRANDURUKOTTE M.M.V', 'GIRANDURUKOTTE', 'Provincial', '1AB', 259),
(21041, 'NAWAJEEVITHAYA K.V', 'C.T.C.,ALUTHTHARAMA', 'Provincial', 'Type 3', 259),
(21071, 'BD/KANDEGEDARA NATIONAL COLLEGE', 'KANDEGEDARA', 'National', '1AB', 260),
(21072, 'BD/GALAUDA M.V', 'GALAUDA,HALI-ELA', 'Provincial', '1AB', 261),
(21073, 'BD/GODUNNA.M.V', 'GODUNNA,HALI-ELA', 'Provincial', '1C', 261),
(21075, 'BD/PITAMARUWA MAHA VIDYALAYA', 'PITAMARUWA PASSARA', 'Provincial', '1C', 262),
(21076, 'BD/SORANATHOTA.M.MV', 'SORANATHOTA', 'Provincial', '1C', 260),
(21078, 'BD/KIRIORUWA.P.V', 'KIRIORUWA,KANDEGEDARA', 'Provincial', 'Type 3', 260),
(21084, 'BD/THALDENA NAVODYA MAHA VIDYALAYA', 'THALDENA BADULLA', 'Provincial', '1AB', 262),
(21086, 'BD/PUSSELAWA.M.V', 'THALDENA,BADULLA', 'Provincial', 'Type 2', 260),
(21088, 'BD/BERAMADA VIDYALAYA', 'BERAMADA,HALI-ELA', 'Provincial', 'Type 2', 261),
(21089, 'BD/BOPITIYA K.V', 'THENNEPANGUWA,KANDEGEDARA', 'Provincial', 'Type 3', 261),
(21100, 'BD/THALDENA BATHALAWATTA PRIMARY VIDYALAYA', ' BATHLAWATHTA THALDENA', 'Provincial', 'Type 3', 262),
(21102, 'BD/VIYALUWA D.S.M.MV', 'KANDAKETIYA.BADULLA', 'National', '1C', 261),
(21105, 'BD/MEEGAHAKUILA NATIONAL COLLEGE', 'MEEGAHAKIULA', 'National', '1C', 262),
(21106, 'BD/MORAHELA MAHA VIDYALAYA', 'KETAWATHTHA BADULLA', 'Provincial', 'Type 2', 262),
(21125, 'PASSARA M.M.V.', 'PASSARA', 'National', '1AB', 265),
(21126, 'UDAGAMA WEST M.V', 'PELGAHATHENNA', 'Provincial', '1C', 265),
(21127, 'KANAWERELLA M.V.', 'MAUSSAGOLLA', 'Provincial', 'Type 2', 265),
(21132, 'LUNUGALA M.M.V.', 'LUNUGALA', 'Provincial', '1AB', 265),
(21134, 'ALAKOLAGALA V.', 'ALAKOLAGALA,LUNUGALA', 'Provincial', 'Type 3', 265),
(21169, 'BD/UDAWELA MADHYA MAHA VIDYALAYA', 'PASSARA ROAD,UDAWELA,BADULLA', 'Provincial', '1AB', 263),
(21171, 'BD/KENDAGOLLA NAVODYA MAHA VIDYALAYA', 'KENDAGOLLA,BADULLA', 'Provincial', '1C', 263),
(21172, 'BD/DHARAMADHUTHA NATIONAL COLLEGE', 'BADULLA', 'National', '1AB', 263),
(21175, 'BD/UDAYARAJA MAHA VIDYALAYA', 'PUWAKGODAMULLA BADULLA', 'Provincial', 'Type 2', 263),
(21179, 'BD/LUMBINIYA VIDYALAYA', 'BADULLA', 'Provincial', 'Type 3', 263),
(21191, 'BD/ETTAMPITIYA NATIONAL SCHOOL', 'ETAMPITIYA', 'National', '1AB', 264),
(21193, 'BD/BEDDEGAMA MAHA VIDYALAYA', 'SPRINGWELLY', 'Provincial', '1C', 264),
(21194, 'BD/MALITHA NAVODYA.M.V', 'MALITHTHA PATTIYA GEDARA', 'Provincial', '1AB', 264),
(21196, 'BD/ANTHUDUWAWELA VIDAYALAYA', 'ANTHUDUWAWELA HALI ELA', 'Provincial', 'Type 3', 264),
(21200, 'BD/KATUGAHA SRI DAMMALANKARA.V', 'PATTIYAGEDARA', 'Provincial', 'Type 2', 264),
(21233, 'BANDARAWELA M.M.V', 'KINIGAMA,BANDARAWELA', 'National', '1AB', 266),
(21235, 'NAULLA M.M.V', 'DEMODARA', 'National', '1C', 267),
(21237, 'ATHTHALAPITIYA VIDIYALAYA', 'ATHTHALAPITIYA ,BANDARAWELA', 'Provincial', '1C', 266),
(21238, 'NAWELA NAMUNUKULA V', 'NAWELAGAMA', 'Provincial', 'Type 2', 267),
(21239, 'HALPE M.M.V', 'HELA HALPE, BANDARAWELA', 'National', '1AB', 267),
(21240, 'HEELOYA SRI SUMANGALA M.V', 'HEELOYA, BANDARAWELA', 'Provincial', '1C', 267),
(21246, 'OBADAELLA VIDIYALAYA', 'OBADAELLA, BANDARAWELA', 'Provincial', 'Type 2', 266),
(21252, 'DOOLGOLLA ASHOKA VIDIYALAYA', 'DOOLGOLLA, BANDARAWELA', 'Provincial', 'Type 3', 266),
(21254, 'DHARMAPALA NAVODYA M.V', 'BANDARAWELA', 'Provincial', '1AB', 266),
(21256, 'SRI SUGATHA NAVODYA MAHA VIDYALAYA', 'BALLAKETUWA.', 'Provincial', '1AB', 267),
(21261, 'ILLUKPELESSA V', 'ILUKPALASSA,BALLAKETUWA', 'Provincial', 'Type 3', 267),
(21275, 'POONAGALA SINHALA .V', 'POONAGALA, BANDARAWELA.', 'Provincial', 'Type 2', 268),
(21276, 'SRI JANANANDA NATIONAL SCHOOL', 'DIYATHALAWA', 'National', '1AB', 269),
(21277, 'WALHAPUTENNA N.C.', 'WALHAPUTENNA HALDUMMULLA', 'National', '1AB', 268),
(21278, 'KALUPAHANA M.V', 'UVATHENNA', 'Provincial', '1C', 268),
(21279, 'KAHAGOLLA NATIONAL SCHOOL', 'KAHAGOLLA,DIYATHALAWA', 'National', '1C', 269),
(21281, 'HAPUTALE SRI DHAMMANANDA M.V', 'WELIMADA ROAD, HAPUTALE.', 'Provincial', '1C', 269),
(21282, 'HORADOROWWA SRI JINARATHANA VIDYALAYA', 'HORADOROWWA, HAPUTHALE.', 'Provincial', 'Type 2', 269),
(21291, 'BADULUDENA .V', 'UVA KOSGAMA,HALPE,BELIHULOYA.', 'Provincial', 'Type 3', 268),
(21311, 'WELIMADA M.M.V.', 'WELIMADA', 'National', '1AB', 270),
(21312, 'KEPPETIPOLA M.V.', 'KEPPETIPOLA', 'Provincial', '1AB', 270),
(21314, 'NEDUNGAMUWA M.V', 'GURUTHALAWA', 'Provincial', 'Type 2', 270),
(21317, 'SRI RATHANAJOTHI M.V.', 'GALEDANDA, VIA GURUTHALAWA', 'Provincial', '1C', 270),
(21320, 'ELLETHOTA V.', 'IDALGASHINNA,HAPUTHALE VIA', 'Provincial', 'Type 3', 270),
(21351, 'MEDAWELA M.V.', 'UVAPARANAGAMA', 'Provincial', '1C', 271),
(21352, 'GAMPAHA MASPANNA V.', 'MASPANNA', 'Provincial', '1AB', 271),
(21356, 'LUNUWATTA M.M.V.', 'LUNUWATTA', 'National', '1AB', 271),
(21359, 'SRI SUMANAJOTHI V.', 'AMBAGASDOWA', 'Provincial', 'Type 2', 271),
(21379, 'ELLANDA V.', 'AMBAGAHAWATTA', 'Provincial', 'Type 3', 271),
(21416, 'DAMBETHENNA NO 2 T.V', 'HAPUTALE', 'Provincial', 'Type 3', 269),
(22001, 'MO/WELLASSA N.S.', 'HEWELWELA-BIBILE', 'National', '1AB', 272),
(22002, 'MO/NANNAPURAWA M.V.', 'NANNAPURAWA-BIBILE', 'Provincial', '1AB', 273),
(22003, 'MO/PITAKUMBURA M.V.', 'PITAKUMBURA-BIBILE', 'Provincial', '1AB', 272),
(22004, 'MO/MALLEHEWA M.V.', 'DIYAKOBALA-BIBILE', 'Provincial', '1C', 272),
(22005, 'MO/MEDAGAMA N.S.', 'MEDAGAMA', 'National', '1AB', 273),
(22006, 'MO/SIRI DAMMAPALA M.V.', 'YALKUMBURA-BIBILE', 'Provincial', 'Type 2', 272),
(22007, 'MO/SENAPATHIYA M.V.', 'IWELA-BIBILE', 'Provincial', '1C', 273),
(22010, 'MO/ELLEKONA K.V.', 'ELLEKONA-NANNAPURAWA-BIBILE', 'Provincial', 'Type 2', 273),
(22021, 'MO/ILUKKEPUTHENNA K.V.', 'ILUKKEPUTHENNA-BIBILE', 'Provincial', 'Type 3', 272),
(22027, 'MO/THITHTHAWELKIULA P.S.', 'KOTABOWA-MEDAGAMA', 'Provincial', 'Type 3', 273),
(22039, 'MO/ALPITIYA M.V.', 'MEEGAHAPITIYA-DAMBAGALLA', 'Provincial', '1AB', 274),
(22041, 'MO/DAMBAGALLA PIYARATHANA M.V.', 'DAMBAGALLA-MONARAGALA', 'Provincial', '1C', 274),
(22049, 'MO/IHAWA K.V.', 'UVA GANGODAGAMA,DAMBAGALLA', 'Provincial', 'Type 2', 274),
(22054, 'MO/GONATHALAWA K.V.', 'GONATHALAWA,DAMBAGALLA', 'Provincial', 'Type 3', 274),
(22069, 'MAHANAMA M.M.V.', 'MONARAGALA', 'National', '1AB', 275),
(22070, 'ETHIMALE M.V.', 'ETHIMALEWEWA,MONARAGALA', 'Provincial', '1AB', 276),
(22072, 'HULANDAWA LEFT M.V.', 'MARAWA,HULANDAWA WAMA,MONARAGALA', 'Provincial', 'Type 2', 275),
(22074, 'ETHIMALE STEP 1 K.V.', 'ETHIMALEWEWA', 'Provincial', 'Type 2', 276),
(22075, 'UDIKKEPUARA K.V.', 'VILAOYA,MONARAGALA', 'Provincial', 'Type 3', 276),
(22078, 'GALABEDDA M.V.', 'GALABEDDA,MONARAGALA', 'Provincial', '1C', 276),
(22081, 'VIDYALOKA M.V.', 'WEDIKUMBURA, MONARAGALA', 'Provincial', '1AB', 275),
(22096, 'THENAGALLANDA M.V.', 'MARAWA.MONARAGALA', 'Provincial', '1C', 275),
(22100, 'MAHANAMA P.V.', 'MONARAGALA', 'Provincial', 'Type 3', 275),
(22110, 'KOTAMUDUNA M.V.', 'KOTAMUDUNA,PASSARA', 'Provincial', '1C', 277),
(22111, 'NISHSHANKA M.M.V', 'BADALKUMBURA', 'National', '1AB', 277),
(22114, 'ETHTHALAMULLA K.V.', 'WEHERAGODA, BADALKUMBURA', 'Provincial', 'Type 2', 277),
(22115, 'UDAGAMGODA P.V.', 'MADUKOTANARAWA,BADALKUMBURA', 'Provincial', 'Type 3', 277),
(22146, 'MALWATTAWALA M.M.V.', 'MALWATTAWALA, WELLAWAYA', 'National', '1AB', 278),
(22147, 'WEHERAYAYA M.V.', 'WEHERAYAYA,ETHILIWEWA.', 'Provincial', '1C', 278),
(22148, 'OKKAMPITIYA VIJAYABAHU M.V.', 'PASAL MAWATHA, OKKAMPITIYA', 'Provincial', '1AB', 279),
(22149, 'DUTUGAMUNU CENTRAL COLLAGE', 'BUTTALA', 'National', '1AB', 279),
(22150, 'SIDDHARTHA M.V.', 'HORABOKKA, UVA PELWATTA.', 'Provincial', '1C', 279),
(22151, 'ALUTHWELA K.V', 'BUTTALA', 'Provincial', 'Type 2', 279),
(22152, 'ETHILIWEWA M.V.', 'TISSA ROAD, ETHILIWEWA.', 'Provincial', '1AB', 278),
(22155, 'KURUGAMA V.', 'KURUGAMA,UVA KUDAOYA''ELLA', 'Provincial', 'Type 2', 278),
(22165, 'HELAGALBOKKA K.V.', 'HELAGALBOKKA WELLAWAYA', 'Provincial', 'Type 3', 278),
(22174, 'MUNASINGHA P.V', 'KUKURAMPOLA UVA PELWATTA', 'Provincial', 'Type 3', 279);
INSERT INTO `school` (`School_ID`, `School_Name`, `School_Address`, `School_Type`, `School_Grade`, `Division_ID`) VALUES
(22179, 'MUTHUMINIGAMA K.V.', 'MUTHUMINIGAMA, SEVANAGALA', 'Provincial', 'Type 2', 280),
(22183, 'ANGUNUKOLAPELESSA M.V.', 'SOORIYA ARA, TANAMALVILA', 'Provincial', '1C', 280),
(22184, 'KATARAGAMA PRESIDENT''S CENTRAL COLLEGE', 'KATARAGAMA', 'National', '1AB', 280),
(22185, 'SOMADEVI M.V.', 'MAHAGAMA COLONY, SEVANAGALA.', 'Provincial', '1AB', 280),
(22188, 'KALAWELGALA K.V.', 'SOORIYA ARA, TANAMALVILA.', 'Provincial', 'Type 3', 280),
(23001, 'EHELIYAGODA M.M.V.', 'EHELIYAGODA', 'National', '1AB', 281),
(23002, 'ERAPOLA SIRI MAHINDA MAHA WIDYALAYA', 'ERAPOLA EHELIYAGODA', 'Provincial', '1C', 281),
(23003, 'SIDDHARTHA M.V.UDUWAKA', 'UDUWAKA,GETAHETHTHA', 'Provincial', '1AB', 281),
(23006, 'EHELIYAGODA DHARMAPAALA M.V.', 'PRIMARY SECTION,EHELIYAGODA', 'Provincial', 'Type 3', 281),
(23008, 'EHALIYAGODA PAHALABAMA .V', 'PAHALAGAMA EHALIYAGODA', 'Provincial', 'Type 2', 281),
(23011, 'KALUANDURA V.', 'KALUANDURA, HEWAINNA,AVISSAWEELLA', 'Provincial', 'Type 2', 281),
(23018, 'HEVAINNAKANDA VIDYALAYA', 'HEWAINNA AVISSAWEELLA', 'Provincial', 'Type 2', 281),
(23029, 'ELLAWALA MAHA V.', 'ELLAWALA', 'Provincial', '1C', 282),
(23031, 'KIRIELLA CENTRAL COLLEGE', 'KIRIELLA', 'Provincial', '1AB', 282),
(23033, 'PUSSELLA MA.V.', 'PARAKADUWA', 'Provincial', 'Type 2', 282),
(23036, 'ELLAWALA KANISHTA V.', 'ELLAWALA, EHELIYAGODA', 'Provincial', 'Type 3', 282),
(23060, 'FERGUSON HIGH SCHOOL', 'RATHNAPURA', 'National', '1AB', 283),
(23063, 'SRIPADA CENTRAL COLLEGE', 'SRIPALABADDALA', 'Provincial', '1C', 284),
(23065, 'SRI SUMANA MAHA V.', 'MUDDWA, RATHNAPURA', 'Provincial', '1AB', 283),
(23066, 'SIVALI M.V.', 'RIVER SIDE ROAD,RATNAPURA', 'Provincial', '1C', 283),
(23072, 'GILEEMALE SAMANALA V.', 'GILEEMALE,RATNAPURA', 'Provincial', 'Type 2', 284),
(23075, 'THIRIWANAKATIYA V', 'THIRIWANAKETIYA RATHNAPURA', 'Provincial', 'Type 2', 283),
(23081, 'ETHTHOTA VIDYALAYA', 'GALLELLA,RATNAPURA', 'Provincial', 'Type 3', 284),
(23123, 'GANKANDA CENTRAL COLLEGE', 'PELMADULLA', 'National', '1AB', 285),
(23125, 'BAMBARABOTUWA V.', 'WEWELWTTA, RATHNAPURA', 'Provincial', '1AB', 284),
(23126, 'DHARMALOKA NAVODYA V', 'PELMADULLA', 'Provincial', '1AB', 285),
(23127, 'DIPPITIGALA M V', 'LELLOPITIYA', 'Provincial', '1C', 285),
(23131, 'NIRALGAMA V.', 'NIRALGAMA RATHNAPURA', 'Provincial', 'Type 2', 285),
(23147, 'DOMBAGASWINNA V', 'SANNASGAMA LELLOPITIYA', 'Provincial', 'Type 3', 285),
(23152, 'KEMPANAWATHTHA V', 'KEMPANAWATHTHA GALLELLA', 'Provincial', 'Type 3', 283),
(23166, 'SRI BUDDHA JAYANTHI M.M.V.', 'BALANGODA.', 'Provincial', '1AB', 286),
(23167, 'SRI SHARIPUTHRA M.V.', 'IMBULPE, BALANGODA.', 'Provincial', '1C', 287),
(23168, 'UDAGAMA M.V.', 'PINNAWALA, BALANGODA.', 'Provincial', '1AB', 287),
(23172, 'ATAWAKWALA SRI RATHANAPALA V.', 'PINNAWALA, BALANGODA.', 'Provincial', 'Type 2', 287),
(23174, 'EGODA WALEBODA V.', 'WALEBODA, BALANGODA.', 'Provincial', 'Type 2', 286),
(23181, 'HALPE V.', 'HALPE, BELIHULOYA.', 'Provincial', 'Type 3', 287),
(23209, 'BALANGODA ANANDA MAITHRIYA M.M.V.', 'BALANGODA.', 'National', '1AB', 286),
(23210, 'ELLEPOLA M.V.', 'ELLEPOLA, BALANGODA.', 'Provincial', '1C', 286),
(23220, 'KUMARA V.', 'BALANGODA', 'Provincial', 'Type 3', 286),
(23247, 'RAHULA M.M.V.', 'GODAKAWELA', 'National', '1AB', 289),
(23248, 'RATHNALOKA M.V.', 'RAKWANA', 'Provincial', '1AB', 289),
(23250, 'MADAMPE VIJAYA M.V.', 'ATAKALANPANNA', 'Provincial', '1C', 289),
(23253, 'SRI SIDDARTHA M.V.', 'ALPITIYA, GODAKAWELA', 'Provincial', 'Type 2', 289),
(23256, 'KOMPITIYA V.', 'GODAKAWELA', 'Provincial', 'Type 3', 289),
(23259, 'MUTHTHETTUPOLA V.', 'MUTHTHETTUPOLA, PALLEBEDDA.', 'Provincial', 'Type 2', 288),
(23281, 'VIDYAKARA M.V.', 'OPANAYAKA', 'Provincial', '1AB', 288),
(23283, 'DHARMARAJA M.V.', 'HUNUWALA, OPANAYAKA.', 'Provincial', '1C', 288),
(23302, 'PELENDAKANDA V.', 'PELENDAKANDA, OPANAYAKA.', 'Provincial', 'Type 3', 288),
(23319, 'KARAWITA NATIONAL SCHOOL', 'UDA KARAWITA', 'National', '1AB', 292),
(23320, 'KAHAWATTA M.M.V', 'KAHAWATTA', 'Provincial', '1AB', 293),
(23321, 'GABBELA M.V', 'GABBELA,KAHAWATHTHE', 'Provincial', '1C', 293),
(23322, 'WATAPOTHA MAHA VIDYALAYA', 'WATAPOTHA', 'Provincial', 'Type 2', 292),
(23323, 'GODAKUMBURA MIYANAWITA V.', 'GABBELA,KAHAWATHTHA.', 'Provincial', 'Type 2', 293),
(23326, 'ELAPATHA MAHA VIDYALAYA', 'ELAPATHA RATNAPURA', 'Provincial', '1AB', 292),
(23327, 'KARANGODA MAHA VIDYALAYA', 'RATNAPURA', 'Provincial', '1C', 292),
(23347, 'PATHAKADA LAMA MITHURU PASALA', 'PATHAKADA-NIVITHIGALA', 'Provincial', 'Type 3', 292),
(23360, 'KAHAWATTA PRIMARY SCHOOL', 'KAHAWATTA', 'Provincial', 'Type 3', 293),
(23373, 'AYAGAMA SRI RAHULA M.M.V.', 'AYAGAMA, RATNAPURA', 'Provincial', '1AB', 294),
(23374, 'DUMBARA M.V.', 'MINIPURA,DUMBARA', 'Provincial', '1C', 294),
(23376, 'GAWARAGIRIYA M.V.', '0457927784', 'Provincial', 'Type 2', 294),
(23383, 'BADDARA V', 'MADABADDARA,KIRIELLA', 'Provincial', 'Type 3', 294),
(23399, 'KALAWANA GAMINI CENTRAL COLLEGE', 'KOSWATHTHA KALAWANA', 'Provincial', '1AB', 295),
(23400, 'KALAWANA NATAIONAL SCHOOL', 'KALAWANA', 'National', '1AB', 295),
(23401, 'RAMBUKA M.V', 'POTHUPITIYA, KALAWANA', 'Provincial', '1C', 295),
(23404, 'PANAPOLA V.', 'PANAPOLA,KALAWANA', 'Provincial', 'Type 2', 295),
(23405, 'SAMANPURA V.', 'SAMANPURA,KALAWANA', 'Provincial', 'Type 3', 295),
(23431, 'KOLONNA M.M.V.', 'KOLONNA', 'National', '1AB', 290),
(23432, 'WIJERIYA SUMANA M.V.', 'WIJERIYA', 'Provincial', '1AB', 290),
(23434, 'PANAMURA M.V.', 'PANAMURA', 'Provincial', '1C', 291),
(23435, 'ITHTAKANDA SINHARAJA M.V', 'ITHTAKANDA', 'Provincial', 'Type 2', 290),
(23436, 'KUMBURUGAMUMA M.V.', 'HALWINNA GODAKAWELA', 'Provincial', '1C', 290),
(23442, 'WALALGODA V.', 'PANAMURA', 'Provincial', 'Type 2', 291),
(23453, 'EREPORUWA V.', 'EREPORUWA KOLONNA', 'Provincial', 'Type 3', 290),
(23457, 'DADAYAMKANDA V.', 'DADAYAMKANDA, OMALPE.', 'Provincial', 'Type 3', 291),
(23464, 'EMBILIPITIYA M.V.', 'EMBILIPITIYA', 'Provincial', '1AB', 291),
(23465, 'PRESIDENT''S COLLEGE', 'NEW TOWN, EMBILIPITIYA', 'National', '1AB', 291),
(24001, 'ABAYARAJA M.V', 'BERANNAWA YATIYANTHOTA', 'Provincial', '1C', 296),
(24002, 'DOMBEPOLA K.V.', 'DOMBEPOLA MALALPOLA', 'Provincial', 'Type 2', 296),
(24010, 'WEWELTHALAWA TAMIL V.', 'YATIYANTHOTA', 'Provincial', 'Type 3', 296),
(24034, 'PALLEBAGE K.V.', 'PALLEBAGE KITHULGALA', 'Provincial', 'Type 2', 297),
(24039, 'BEHENELLA P.V', 'THELIGAMA', 'Provincial', 'Type 3', 297),
(24042, 'DR.N.M.PERERA M.M.V.', 'YATIYANTOTA', 'National', '1C', 298),
(24043, 'KABULUMULLA LAMA MITHURU MODAL K.V.', 'KABULUMULLA,RUWANWELLA.', 'Provincial', 'Type 2', 298),
(24044, 'SIRIWARDANA M.V.', 'YATIYANTHOTA', 'Provincial', '1AB', 298),
(24048, 'ST.MARY''S T.M.V.', 'YATIYANTOTA', 'Provincial', '1C', 298),
(24050, 'MAHAWILA WARAKAGODA P.V.', 'MAHAWILA YATIYANTOTA', 'Provincial', 'Type 3', 298),
(24056, 'BORALANKADA M.V.', 'BORALANKADA', 'Provincial', 'Type 2', 299),
(24058, 'MEEGASTHENNA M.V.', 'MEEGASTHENNA, YATIYANTHOTA', 'Provincial', '1C', 299),
(24059, 'MAHUNKANDA P.V.', 'MAHINKANDA DEHIOWITA', 'Provincial', 'Type 3', 299),
(24066, 'DEHIOWITA NATIONAL SCHOOL', 'DEHIOWITA', 'National', '1AB', 299),
(24071, 'THALDUWA BUDDHIST M.V.', 'THALDUWA, AVISSAWELLA.', 'Provincial', '1AB', 299),
(24112, 'SIRISAMAN NATIONAL COLLEGE', 'JINADASA MAWATHA DERANIYAGALA', 'National', '1AB', 297),
(24117, 'KOSGAHAKANDA M.V.', 'MIYANAWITA, DERANIYAGALA.', 'Provincial', '1C', 297),
(24152, 'GETIYAMULLA GAMINI ABHAYA M.V.', 'ALAWATHURA', 'Provincial', '1C', 301),
(24153, 'MALWANA JAYANHI V.', 'POTHUKOLADENIYA', 'Provincial', 'Type 2', 301),
(24156, 'AMBUWAKKA P.V', 'AMBUWAKKA  ALAWATHURA', 'Provincial', 'Type 3', 301),
(24158, 'PINDENIYA M.M.V', 'PINDENIYA, ATALA', 'National', '1AB', 301),
(24174, 'SENANAYAKA M.V.', 'MAHAPALLEGAMA', 'Provincial', '1C', 302),
(24176, 'THAMBADIYA SRI SUMANGALA P.V', 'THAMBADIYA, MAHAPALLEGAMA', 'Provincial', 'Type 3', 302),
(24178, 'WELHELLA K.V', 'WELHELLA,GALAPITAMADA', 'Provincial', 'Type 2', 302),
(24188, 'WALAGAMBA M.V.', 'GALAPITAMADA', 'Provincial', '1C', 300),
(24189, 'NIYADURUPOLA.M.V', 'NIYADURUPOLA', 'Provincial', '1C', 303),
(24190, 'KADIGAMUWA K.V.', 'GALAPITAMADA', 'Provincial', 'Type 2', 300),
(24193, 'PALAMURE SRI MAHIKDA P.V', 'PALAMURE.NIYADURUPOLA', 'Provincial', 'Type 3', 303),
(24194, 'NARANGASTHENNA P.V.', 'NARANGASTHENNA, GALAPITAMADA', 'Provincial', 'Type 3', 300),
(24204, 'WAHARAKA M.V.', 'WAHARAKA', 'Provincial', '1AB', 300),
(24228, 'RAJASINGHE M.M.V.', 'RUWANWELLA', 'National', '1AB', 300),
(24283, 'UDANVITA M.V', 'UDANVITA HEWADIWELA RAMBUKKANA.', 'Provincial', '1C', 305),
(24284, 'DOMBEMADA K.V.', 'DOMBEMADA , RAMBUKKANA', 'Provincial', 'Type 2', 305),
(24288, 'DELIWALA TISSA P.S', 'DELIWALA RAMBUKKANA', 'Provincial', 'Type 3', 305),
(24293, 'ASHOKA M.V.', 'KIRIWALLAPITIYA,RAMBUKKANA', 'Provincial', '1AB', 305),
(24321, 'PINNAWALA M.M.V.', 'RAMBUKKANA', 'National', '1AB', 305),
(24337, 'MAKEHELWALA K.V.', 'MAKEHELWALA, MAWANELLA', 'Provincial', 'Type 2', 306),
(24340, 'RANDIWALA M.V.', 'RANDIWALA, MAWANELLA', 'Provincial', '1C', 306),
(24343, 'ZAHIRA MU.M.M.V.', 'MAWANELLA', 'National', '1AB', 306),
(24344, 'BADURIYA MU.M.V.', 'MAWANELLA', 'Provincial', '1AB', 306),
(24347, 'NANKURUGAMA MU.P.S', 'NANKURUGAMA, MAWANELLA', 'Provincial', 'Type 3', 306),
(24373, 'GALATHARA UDUWEWALA M.V.', 'GALATHARA', 'Provincial', '1C', 307),
(24374, 'GALATHARA UDUWEWELA P.S.', 'GALATHARA', 'Provincial', 'Type 3', 307),
(24375, 'GURUBAWILA K.V.', 'ASMADALA,GALATHARA', 'Provincial', 'Type 2', 307),
(24381, 'MAWATHAGODA RIVISANDA M.M.V.', 'USSAPITIYA', 'National', '1AB', 307),
(24416, 'DIPPITIYA RAJAGIRI M.V.', 'DIPPITIYA ARANAYAKA', 'Provincial', '1AB', 307),
(24445, 'MABOPITIYA M.V.', 'MABOPITIYA,UNDUGODA.', 'Provincial', '1AB', 304),
(24446, 'HUNGAMPOLA M.V', 'MORONTOTA', 'Provincial', '1C', 304),
(24450, 'BELIHULWANA P.V', 'BELIHULWANA KEGALLE', 'Provincial', 'Type 3', 304),
(24468, 'ERAGAMA K.V.', 'WATHURA', 'Provincial', 'Type 2', 304),
(24489, 'KEGALU BALIKA V.', 'BANDARANAYAKE MAWATHA,KEGALLE', 'National', '1AB', 304),
(24520, 'GALIGAMUWA M.M.V', 'GALIGAMUWATOWN', 'Provincial', '1AB', 301),
(24568, 'DEDIGAMA PERAKUMBA M.V.', 'THUNTHOTA', 'Provincial', '1AB', 302),
(24577, 'DUDLEY SENANAYAKA M.M.V', 'THOLANGAMUWA', 'National', '1AB', 303),
(24579, 'DHARMASIRI SENANAYAKA M.V', 'THULHIRIYA', 'Provincial', '1AB', 303),
(24580, 'MAHENA.K.V', 'MAHENA, WARAKAPOLA', 'Provincial', 'Type 2', 303);

-- --------------------------------------------------------

--
-- Table structure for table `siblings_marks`
--

CREATE TABLE IF NOT EXISTS `siblings_marks` (
  `Application_ID` int(11) NOT NULL,
  `Category_ID` int(11) NOT NULL,
  `Electoral_Years` int(11) NOT NULL DEFAULT '0',
  `Electoral_only_One_Years` int(11) NOT NULL DEFAULT '0',
  `Ownership` varchar(45) NOT NULL DEFAULT 'Other',
  `Ownership_Years` int(11) NOT NULL DEFAULT '0',
  `Proofs_Count` int(11) NOT NULL DEFAULT '0',
  `School_Count` int(11) NOT NULL DEFAULT '0',
  `Marks_Electoral` double NOT NULL DEFAULT '0',
  `Marks_Ownership` double NOT NULL DEFAULT '0',
  `Marks_Proofs` double NOT NULL DEFAULT '0',
  `Marks_School` double NOT NULL DEFAULT '0',
  `Marks_Total` double NOT NULL DEFAULT '0',
  PRIMARY KEY (`Application_ID`,`Category_ID`)
) ENGINE=InnoDB DEFAULT CHARSET=latin1;

-- --------------------------------------------------------

--
-- Table structure for table `student`
--

CREATE TABLE IF NOT EXISTS `student` (
  `Student_ID` int(11) NOT NULL AUTO_INCREMENT,
  `Full_Name` varchar(100) NOT NULL,
  `Name_With_Initials` varchar(45) NOT NULL,
  `School_ID` int(11) NOT NULL,
  `Name_Father` varchar(45) NOT NULL,
  `Name_Mother` varchar(45) NOT NULL,
  `Address` varchar(100) NOT NULL,
  `City` varchar(45) NOT NULL,
  `Distance_To_School_KM` int(11) NOT NULL,
  PRIMARY KEY (`Student_ID`)
) ENGINE=InnoDB DEFAULT CHARSET=latin1 AUTO_INCREMENT=1 ;

-- --------------------------------------------------------

--
-- Table structure for table `student_class`
--

CREATE TABLE IF NOT EXISTS `student_class` (
  `Student_ID` int(11) NOT NULL,
  `Class_ID` int(11) NOT NULL,
  `Grade_ID` int(11) NOT NULL,
  `School_ID` int(11) NOT NULL,
  PRIMARY KEY (`Student_ID`,`Class_ID`,`Grade_ID`,`School_ID`)
) ENGINE=InnoDB DEFAULT CHARSET=latin1;

-- --------------------------------------------------------

--
-- Table structure for table `student_grade`
--

CREATE TABLE IF NOT EXISTS `student_grade` (
  `Student_ID` int(11) NOT NULL,
  `Grade_ID` int(11) NOT NULL,
  `School_ID` int(11) NOT NULL,
  `Academic_Year` year(4) NOT NULL,
  PRIMARY KEY (`Student_ID`,`Grade_ID`,`School_ID`)
) ENGINE=InnoDB DEFAULT CHARSET=latin1;

-- --------------------------------------------------------

--
-- Table structure for table `student_school`
--

CREATE TABLE IF NOT EXISTS `student_school` (
  `Student_ID` int(11) NOT NULL,
  `School_ID` int(11) NOT NULL,
  `Enrollment_Date` date NOT NULL,
  `Leaving_Date` date DEFAULT NULL,
  PRIMARY KEY (`Student_ID`,`School_ID`)
) ENGINE=InnoDB DEFAULT CHARSET=latin1;

-- --------------------------------------------------------

--
-- Table structure for table `teacher`
--

CREATE TABLE IF NOT EXISTS `teacher` (
  `USER_ID` int(11) NOT NULL,
  `School_ID` int(11) NOT NULL,
  `Designation` varchar(45) NOT NULL DEFAULT 'Teacher',
  `Teacher_Grade` varchar(45) NOT NULL DEFAULT '2',
  PRIMARY KEY (`USER_ID`)
) ENGINE=InnoDB DEFAULT CHARSET=latin1;

--
-- Dumping data for table `teacher`
--

INSERT INTO `teacher` (`USER_ID`, `School_ID`, `Designation`, `Teacher_Grade`) VALUES
(2, 2, 'Teacher', '2'),
(3, 2, 'Teacher', '2'),
(5, 2, 'Teacher', '2');

-- --------------------------------------------------------

--
-- Table structure for table `users`
--

CREATE TABLE IF NOT EXISTS `users` (
  `USER_ID` int(11) NOT NULL AUTO_INCREMENT,
  `username` varchar(20) NOT NULL,
  `password` varchar(45) NOT NULL,
  `fname` varchar(45) NOT NULL,
  `lname` varchar(45) NOT NULL,
  `User_Type` varchar(45) NOT NULL,
  PRIMARY KEY (`USER_ID`),
  UNIQUE KEY `username` (`username`)
) ENGINE=InnoDB  DEFAULT CHARSET=latin1 AUTO_INCREMENT=7 ;

--
-- Dumping data for table `users`
--

INSERT INTO `users` (`USER_ID`, `username`, `password`, `fname`, `lname`, `User_Type`) VALUES
(1, 'test', 'test', 'ABC', 'Perera', 'Principal'),
(2, 't2', 't2', 'CBA', 'Guwera', 'Teacher'),
(3, '806456567V', 'test', 'A.C.G.', 'Gunawardhana', 'Teacher'),
(4, 't3', 't3', 'CD', 'Karunarathna', 'Officer'),
(5, '756673234V', 'test', 'K.L.', 'Senevirathna', 'Teacher');

-- --------------------------------------------------------

--
-- Table structure for table `zonal_officer`
--

CREATE TABLE IF NOT EXISTS `zonal_officer` (
  `USER_ID` int(11) NOT NULL,
  `Zone_ID` int(11) NOT NULL,
  PRIMARY KEY (`USER_ID`)
) ENGINE=InnoDB DEFAULT CHARSET=latin1;

-- --------------------------------------------------------

--
-- Table structure for table `zone`
--

CREATE TABLE IF NOT EXISTS `zone` (
  `Zone_ID` int(11) NOT NULL,
  `Zone_Name` varchar(45) NOT NULL,
  `District_ID` varchar(3) NOT NULL,
  PRIMARY KEY (`Zone_ID`),
  KEY `District_ID` (`District_ID`)
) ENGINE=InnoDB DEFAULT CHARSET=latin1;

--
-- Dumping data for table `zone`
--

INSERT INTO `zone` (`Zone_ID`, `Zone_Name`, `District_ID`) VALUES
(1, 'Colombo', 'D01'),
(2, 'Piliyandala', 'D01'),
(3, 'Sri Jaya'' pura', 'D01'),
(4, 'Homagama', 'D01'),
(5, 'Kelaniya', 'D02'),
(6, 'Negombo', 'D02'),
(7, 'Minuwangoda', 'D02'),
(8, 'Gampaha', 'D02'),
(9, 'Kalutara', 'D03'),
(10, 'Horana', 'D03'),
(11, 'Matugama', 'D03'),
(12, 'Katugastota', 'D04'),
(13, 'Wathegama', 'D04'),
(14, 'Teldeniya', 'D04'),
(15, 'Kandy', 'D04'),
(16, 'Denuwara', 'D04'),
(17, 'Gampola', 'D04'),
(18, 'Galewela', 'D05'),
(19, 'Naula', 'D05'),
(20, 'Wilgamuwa', 'D05'),
(21, 'Matale', 'D05'),
(22, 'Nuwara Eliya', 'D06'),
(23, 'Hatton', 'D06'),
(24, 'Kotmale', 'D06'),
(25, 'Walapane', 'D06'),
(26, 'Hanguranketha', 'D06'),
(27, 'Ambalangoda', 'D07'),
(28, 'Galle', 'D07'),
(29, 'Elpitiya', 'D07'),
(30, 'Udugama', 'D07'),
(31, 'Morawaka', 'D08'),
(32, 'Akuressa', 'D08'),
(33, 'Mulatiyana (Hakmana)', 'D08'),
(34, 'Matara', 'D08'),
(35, 'Walasmulla', 'D09'),
(36, 'Tangalle', 'D09'),
(37, 'Hambantota', 'D09'),
(38, 'Islands', 'D10'),
(39, 'Valikamam', 'D10'),
(40, 'Jaffna', 'D10'),
(41, 'Vadamarachchi', 'D10'),
(42, 'Thenmarachchi', 'D10'),
(43, 'Kilinochchi', 'D11'),
(44, 'Mannar', 'D12'),
(45, 'Madhu', 'D12'),
(46, 'Vavuniya North', 'D13'),
(47, 'Vavuniya', 'D13'),
(48, 'Mullaitivu', 'D14'),
(49, 'Thunukkai', 'D14'),
(50, 'Kalkudah', 'D15'),
(51, 'Batticaloa Central', 'D15'),
(52, 'Batticaloa West', 'D15'),
(53, 'Batticaloa', 'D15'),
(54, 'Paddrippu', 'D15'),
(55, 'Mahaoya', 'D16'),
(56, 'Ampara', 'D16'),
(57, 'Dehiattakandiya', 'D16'),
(58, 'Sammanthurai', 'D16'),
(59, 'Kalmunai', 'D16'),
(60, 'Akkaraipattu', 'D16'),
(61, 'Thirukkovil', 'D16'),
(62, 'Trincomalee North', 'D17'),
(63, 'Trincomalee', 'D17'),
(64, 'Kinniya', 'D17'),
(65, 'Kantalai', 'D17'),
(66, 'Mutur', 'D17'),
(67, 'Kurunegala', 'D18'),
(68, 'Ibbagamuwa', 'D18'),
(69, 'Nikaweratiya', 'D18'),
(70, 'Giriulla', 'D18'),
(71, 'Kuliyapitiya', 'D18'),
(72, 'Maho', 'D18'),
(73, 'Puttalam', 'D19'),
(74, 'Chilaw', 'D19'),
(75, 'Kebithigollewa', 'D20'),
(76, 'Anuradhapura', 'D20'),
(77, 'Galenbindunuwewa', 'D20'),
(78, 'Tambuttegama', 'D20'),
(79, 'Kekirawa', 'D20'),
(80, 'Dimbulagala', 'D21'),
(81, 'Hingurakgoda', 'D21'),
(82, 'Polonnaruwa', 'D21'),
(83, 'Mahiyanganaya', 'D22'),
(84, 'Badulla', 'D22'),
(85, 'Passara', 'D22'),
(86, 'Bandarawela', 'D22'),
(87, 'Welimada', 'D22'),
(88, 'Bibile', 'D23'),
(89, 'Monaragala', 'D23'),
(90, 'Wellawaya', 'D23'),
(91, 'Ratnapura', 'D24'),
(92, 'Balangoda', 'D24'),
(93, 'Embilipitiya', 'D24'),
(94, 'Nivitigala', 'D24'),
(95, 'Dehiowita', 'D25'),
(96, 'Kegalle', 'D25'),
(97, 'Mawanella', 'D25');

--
-- Constraints for dumped tables
--

--
-- Constraints for table `application`
--
ALTER TABLE `application`
  ADD CONSTRAINT `application_ibfk_3` FOREIGN KEY (`Category_ID`) REFERENCES `category` (`Category_ID`),
  ADD CONSTRAINT `application_ibfk_4` FOREIGN KEY (`School_ID`) REFERENCES `school` (`School_ID`),
  ADD CONSTRAINT `application_ibfk_5` FOREIGN KEY (`District_ID`) REFERENCES `district` (`District_ID`),
  ADD CONSTRAINT `application_ibfk_6` FOREIGN KEY (`Division_ID`) REFERENCES `division` (`Division_ID`),
  ADD CONSTRAINT `application_ibfk_1` FOREIGN KEY (`District_ID`) REFERENCES `district` (`District_ID`),
  ADD CONSTRAINT `application_ibfk_2` FOREIGN KEY (`Division_ID`) REFERENCES `division` (`Division_ID`);

--
-- Constraints for table `district`
--
ALTER TABLE `district`
  ADD CONSTRAINT `district_ibfk_1` FOREIGN KEY (`Province_ID`) REFERENCES `province` (`Province_ID`);

--
-- Constraints for table `zone`
--
ALTER TABLE `zone`
  ADD CONSTRAINT `zone_ibfk_1` FOREIGN KEY (`District_ID`) REFERENCES `district` (`District_ID`);

/*!40101 SET CHARACTER_SET_CLIENT=@OLD_CHARACTER_SET_CLIENT */;
/*!40101 SET CHARACTER_SET_RESULTS=@OLD_CHARACTER_SET_RESULTS */;
/*!40101 SET COLLATION_CONNECTION=@OLD_COLLATION_CONNECTION */;
